OBJECTID,STATION_NA,EXIT_CODE,INC_CRC,FMEL_UPD_D,STATION_NAME_ENGLISH,lines_present,line_count,lines_present_json,is_tagged
17885,BRIGHT HILL MRT STATION,Exit 1,CFB9350F44E8991A,20251202172807,BRIGHT HILL MRT STATION,['Thomson-East Coast Line'],1,"[""Thomson-East Coast Line""]",True
17886,BRIGHT HILL MRT STATION,Exit 2,F273E9D550B06062,20251202172807,BRIGHT HILL MRT STATION,['Thomson-East Coast Line'],1,"[""Thomson-East Coast Line""]",True
17887,BRIGHT HILL MRT STATION,Exit 4,BC4A442B12F99E85,20251202172807,BRIGHT HILL MRT STATION,['Thomson-East Coast Line'],1,"[""Thomson-East Coast Line""]",True
17888,BRIGHT HILL MRT STATION,Exit 3,2A45076ED986B275,20251202172807,BRIGHT HILL MRT STATION,['Thomson-East Coast Line'],1,"[""Thomson-East Coast Line""]",True
17889,UPPER THOMSON MRT STATION,Exit 2,3EA737829473A972,20251202172807,UPPER THOMSON MRT STATION,['Thomson-East Coast Line'],1,"[""Thomson-East Coast Line""]",True
17890,UPPER THOMSON MRT STATION,Exit 1,02A569EE1B9EC73B,20251202172807,UPPER THOMSON MRT STATION,['Thomson-East Coast Line'],1,"[""Thomson-East Coast Line""]",True
17891,UPPER THOMSON MRT STATION,Exit 5,2313E9492AA32861,20251202172807,UPPER THOMSON MRT STATION,['Thomson-East Coast Line'],1,"[""Thomson-East Coast Line""]",True
17892,UPPER THOMSON MRT STATION,Exit 3,A00E2C99CAD73E80,20251202172807,UPPER THOMSON MRT STATION,['Thomson-East Coast Line'],1,"[""Thomson-East Coast Line""]",True
17893,UPPER THOMSON MRT STATION,Exit 4,7A835D396BF0703F,20251202172807,UPPER THOMSON MRT STATION,['Thomson-East Coast Line'],1,"[""Thomson-East Coast Line""]",True
17894,CALDECOTT MRT STATION,Exit 2,00BCCDD48A0A19AB,20251202172807,CALDECOTT MRT STATION,"['Circle Line', 'Thomson-East Coast Line']",2,"[""Circle Line"", ""Thomson-East Coast Line""]",True
17895,CALDECOTT MRT STATION,Exit 3,857DEE03468202D9,20251202172807,CALDECOTT MRT STATION,"['Circle Line', 'Thomson-East Coast Line']",2,"[""Circle Line"", ""Thomson-East Coast Line""]",True
17896,CALDECOTT MRT STATION,Exit 4,907574C903E3C5B1,20251202172807,CALDECOTT MRT STATION,"['Circle Line', 'Thomson-East Coast Line']",2,"[""Circle Line"", ""Thomson-East Coast Line""]",True
17897,CANBERRA MRT STATION,Exit D,DD34E7FB97694745,20251202172807,CANBERRA MRT STATION,['North-South Line'],1,"[""North-South Line""]",True
17898,CANBERRA MRT STATION,Exit A,749D0975B17D266E,20251202172807,CANBERRA MRT STATION,['North-South Line'],1,"[""North-South Line""]",True
17899,CANBERRA MRT STATION,Exit C,B2A3B66D0D93D04A,20251202172807,CANBERRA MRT STATION,['North-South Line'],1,"[""North-South Line""]",True
17900,CANBERRA MRT STATION,Exit B,5CC317629EEEF874,20251202172807,CANBERRA MRT STATION,['North-South Line'],1,"[""North-South Line""]",True
17901,CANBERRA MRT STATION,Exit E,9BEA4511424691E9,20251202172807,CANBERRA MRT STATION,['North-South Line'],1,"[""North-South Line""]",True
17902,WOODLANDS MRT STATION,Exit 2,A981B455F405BCC2,20251202172807,WOODLANDS MRT STATION,"['North-South Line', 'Thomson-East Coast Line']",2,"[""North-South Line"", ""Thomson-East Coast Line""]",True
17903,WOODLANDS MRT STATION,Exit 3,ABE9AA34AD7D1F14,20251202172807,WOODLANDS MRT STATION,"['North-South Line', 'Thomson-East Coast Line']",2,"[""North-South Line"", ""Thomson-East Coast Line""]",True
17904,WOODLANDS MRT STATION,Exit 4,D82504FE62821345,20251202172807,WOODLANDS MRT STATION,"['North-South Line', 'Thomson-East Coast Line']",2,"[""North-South Line"", ""Thomson-East Coast Line""]",True
17905,WOODLANDS MRT STATION,Exit 1,5CB3F601FBDF6CC4,20251202172807,WOODLANDS MRT STATION,"['North-South Line', 'Thomson-East Coast Line']",2,"[""North-South Line"", ""Thomson-East Coast Line""]",True
17906,WOODLANDS MRT STATION,Exit 6,F7F55451430108C4,20251202172807,WOODLANDS MRT STATION,"['North-South Line', 'Thomson-East Coast Line']",2,"[""North-South Line"", ""Thomson-East Coast Line""]",True
17907,FARMWAY LRT STATION,Exit A,B5FE598CC9473CDE,20251202172807,FARMWAY LRT STATION,['Sengkang LRT'],1,"[""Sengkang LRT""]",True
17908,FARMWAY LRT STATION,Exit B,C66585DE1453A1EF,20251202172807,FARMWAY LRT STATION,['Sengkang LRT'],1,"[""Sengkang LRT""]",True
17909,LAYAR LRT STATION,Exit A,213B4B13C275292B,20251202172807,LAYAR LRT STATION,['Sengkang LRT'],1,"[""Sengkang LRT""]",True
17910,LAYAR LRT STATION,Exit B,F757F13626617675,20251202172807,LAYAR LRT STATION,['Sengkang LRT'],1,"[""Sengkang LRT""]",True
17911,KRANJI MRT STATION,Exit B,E0BD26E3F5EE18B9,20251202172807,KRANJI MRT STATION,['North-South Line'],1,"[""North-South Line""]",True
17912,KRANJI MRT STATION,Exit A,91BDDFEBA5A15383,20251202172807,KRANJI MRT STATION,['North-South Line'],1,"[""North-South Line""]",True
17913,MARSILING MRT STATION,Exit C,BC10B89687EB57DF,20251202172807,MARSILING MRT STATION,['North-South Line'],1,"[""North-South Line""]",True
17914,MARSILING MRT STATION,Exit A,A4DF45D1ABCFAC02,20251202172807,MARSILING MRT STATION,['North-South Line'],1,"[""North-South Line""]",True
17915,PAYA LEBAR MRT STATION,Exit A,CC4D13D27CAEA2B1,20251202172807,PAYA LEBAR MRT STATION,"['Circle Line', 'East-West Line']",2,"[""Circle Line"", ""East-West Line""]",True
17916,PAYA LEBAR MRT STATION,Exit B,69CB616E4522ABA4,20251202172807,PAYA LEBAR MRT STATION,"['Circle Line', 'East-West Line']",2,"[""Circle Line"", ""East-West Line""]",True
17917,YIO CHU KANG MRT STATION,Exit C,896C97CCBA89A32A,20251202172807,YIO CHU KANG MRT STATION,['North-South Line'],1,"[""North-South Line""]",True
17918,YIO CHU KANG MRT STATION,Exit A,03DE662B8A72F32A,20251202172807,YIO CHU KANG MRT STATION,['North-South Line'],1,"[""North-South Line""]",True
17919,YIO CHU KANG MRT STATION,Exit B,F73C9CE1485EDFF0,20251202172807,YIO CHU KANG MRT STATION,['North-South Line'],1,"[""North-South Line""]",True
17920,ADMIRALTY MRT STATION,Exit C,887FE97DECFFEA05,20251202172807,ADMIRALTY MRT STATION,['North-South Line'],1,"[""North-South Line""]",True
17921,OUTRAM PARK MRT STATION,Exit 4,7A26F4DA0D6151ED,20251202172807,OUTRAM PARK MRT STATION,"['East-West Line', 'North East Line', 'Thomson-East Coast Line']",3,"[""East-West Line"", ""North East Line"", ""Thomson-East Coast Line""]",True
17882,MAYFLOWER MRT STATION,Exit 4,AE51C872434B37D7,20251202172807,MAYFLOWER MRT STATION,['Thomson-East Coast Line'],1,"[""Thomson-East Coast Line""]",True
17883,MAYFLOWER MRT STATION,Exit 5,728784A5D5FEAA7A,20251202172807,MAYFLOWER MRT STATION,['Thomson-East Coast Line'],1,"[""Thomson-East Coast Line""]",True
17884,MAYFLOWER MRT STATION,Exit 6,64DA1E7B1619F148,20251202172807,MAYFLOWER MRT STATION,['Thomson-East Coast Line'],1,"[""Thomson-East Coast Line""]",True
18042,ORCHARD BOULEVARD MRT STATION,Exit 1,387A884B34A26CED,20251202172807,ORCHARD BOULEVARD MRT STATION,['Thomson-East Coast Line'],1,"[""Thomson-East Coast Line""]",True
18043,ORCHARD BOULEVARD MRT STATION,Exit 2,4FC444363DB7E86D,20251202172807,ORCHARD BOULEVARD MRT STATION,['Thomson-East Coast Line'],1,"[""Thomson-East Coast Line""]",True
18044,GREAT WORLD MRT STATION,Exit 5,65268329B5AD5F93,20251202172807,GREAT WORLD MRT STATION,['Thomson-East Coast Line'],1,"[""Thomson-East Coast Line""]",True
18045,GREAT WORLD MRT STATION,Exit 1,FCF6BA18E63CA65C,20251202172807,GREAT WORLD MRT STATION,['Thomson-East Coast Line'],1,"[""Thomson-East Coast Line""]",True
18046,GREAT WORLD MRT STATION,Exit 2,72FD2496EC6B1D54,20251202172807,GREAT WORLD MRT STATION,['Thomson-East Coast Line'],1,"[""Thomson-East Coast Line""]",True
18047,GREAT WORLD MRT STATION,Exit 6,4F2D7457D45F29D1,20251202172807,GREAT WORLD MRT STATION,['Thomson-East Coast Line'],1,"[""Thomson-East Coast Line""]",True
18048,GREAT WORLD MRT STATION,Exit 3,C2D22AD994AA8975,20251202172807,GREAT WORLD MRT STATION,['Thomson-East Coast Line'],1,"[""Thomson-East Coast Line""]",True
18049,GREAT WORLD MRT STATION,Exit 4,5FD7E726E04576E5,20251202172807,GREAT WORLD MRT STATION,['Thomson-East Coast Line'],1,"[""Thomson-East Coast Line""]",True
18050,HAVELOCK MRT STATION,Exit 3,3509B8FC37977C9F,20251202172807,HAVELOCK MRT STATION,['Thomson-East Coast Line'],1,"[""Thomson-East Coast Line""]",True
18051,NAPIER MRT STATION,Exit 1,8800C596B7DB260F,20251202172807,NAPIER MRT STATION,['Thomson-East Coast Line'],1,"[""Thomson-East Coast Line""]",True
18052,NAPIER MRT STATION,Exit 2,CE1402EDB6926C4A,20251202172807,NAPIER MRT STATION,['Thomson-East Coast Line'],1,"[""Thomson-East Coast Line""]",True
18053,ORCHARD MRT STATION,Exit 12,A360078B6432F773,20251202172807,ORCHARD MRT STATION,"['North-South Line', 'Thomson-East Coast Line']",2,"[""North-South Line"", ""Thomson-East Coast Line""]",True
18054,ORCHARD MRT STATION,Exit 11,0A847CDFAB7B3F63,20251202172807,ORCHARD MRT STATION,"['North-South Line', 'Thomson-East Coast Line']",2,"[""North-South Line"", ""Thomson-East Coast Line""]",True
18055,ORCHARD MRT STATION,Exit 10,B3BE3F499ED707F1,20251202172807,ORCHARD MRT STATION,"['North-South Line', 'Thomson-East Coast Line']",2,"[""North-South Line"", ""Thomson-East Coast Line""]",True
18056,ORCHARD MRT STATION,Exit 9,AD31C99F12BAEE46,20251202172807,ORCHARD MRT STATION,"['North-South Line', 'Thomson-East Coast Line']",2,"[""North-South Line"", ""Thomson-East Coast Line""]",True
18057,ORCHARD MRT STATION,Exit 8,705858431FF72BCB,20251202172807,ORCHARD MRT STATION,"['North-South Line', 'Thomson-East Coast Line']",2,"[""North-South Line"", ""Thomson-East Coast Line""]",True
18058,ORCHARD MRT STATION,Exit 13,DBD31FCCFBAE692E,20251202172807,ORCHARD MRT STATION,"['North-South Line', 'Thomson-East Coast Line']",2,"[""North-South Line"", ""Thomson-East Coast Line""]",True
18059,ORCHARD MRT STATION,Exit 5,FCA5411E28B2A33D,20251202172807,ORCHARD MRT STATION,"['North-South Line', 'Thomson-East Coast Line']",2,"[""North-South Line"", ""Thomson-East Coast Line""]",True
18060,TAMPINES EAST MRT STATION,Exit D,99EACB07EB87275F,20251202172807,TAMPINES EAST MRT STATION,['Downtown Line'],1,"[""Downtown Line""]",True
18061,TANJONG PAGAR MRT STATION,Exit F,39E16699C1976560,20251202172807,TANJONG PAGAR MRT STATION,['East-West Line'],1,"[""East-West Line""]",True
18062,TANJONG PAGAR MRT STATION,Exit G,E1CC299B43F4C1C1,20251202172807,TANJONG PAGAR MRT STATION,['East-West Line'],1,"[""East-West Line""]",True
18063,TANJONG PAGAR MRT STATION,Exit H,E922D2F204D2DA84,20251202172807,TANJONG PAGAR MRT STATION,['East-West Line'],1,"[""East-West Line""]",True
18064,ESPLANADE MRT STATION,Exit E,5A8D40F4CDB7B0AD,20251202172807,ESPLANADE MRT STATION,['Circle Line'],1,"[""Circle Line""]",True
18065,ESPLANADE MRT STATION,Exit F,C6AC4E01D3816D01,20251202172807,ESPLANADE MRT STATION,['Circle Line'],1,"[""Circle Line""]",True
18066,ESPLANADE MRT STATION,Exit D,63956E6E46ECE3E0,20251202172807,ESPLANADE MRT STATION,['Circle Line'],1,"[""Circle Line""]",True
18067,PROMENADE MRT STATION,Exit B,BCC2873D65F6A92C,20251202172807,PROMENADE MRT STATION,"['Circle Line', 'Downtown Line']",2,"[""Circle Line"", ""Downtown Line""]",True
18068,NICOLL HIGHWAY MRT STATION,Exit A,CE8447F8465B2FF7,20251202172807,NICOLL HIGHWAY MRT STATION,['Circle Line'],1,"[""Circle Line""]",True
18069,STADIUM MRT STATION,Exit B,402BA10E05281F64,20251202172807,STADIUM MRT STATION,['Circle Line'],1,"[""Circle Line""]",True
18070,STADIUM MRT STATION,Exit A,CA5A16272BE38BEE,20251202172807,STADIUM MRT STATION,['Circle Line'],1,"[""Circle Line""]",True
18071,MOUNTBATTEN MRT STATION,Exit B,187A879D30D2F951,20251202172807,MOUNTBATTEN MRT STATION,['Circle Line'],1,"[""Circle Line""]",True
18072,MOUNTBATTEN MRT STATION,Exit A,D4AA144302569724,20251202172807,MOUNTBATTEN MRT STATION,['Circle Line'],1,"[""Circle Line""]",True
18073,DAKOTA MRT STATION,Exit A,A66FCFFDD49C15D3,20251202172807,DAKOTA MRT STATION,['Circle Line'],1,"[""Circle Line""]",True
18074,DAKOTA MRT STATION,Exit B,AB5D405E46C647FB,20251202172807,DAKOTA MRT STATION,['Circle Line'],1,"[""Circle Line""]",True
18075,PAYA LEBAR MRT STATION,Exit C,0EA7336E0E7F32CF,20251202172807,PAYA LEBAR MRT STATION,"['Circle Line', 'East-West Line']",2,"[""Circle Line"", ""East-West Line""]",True
18076,PAYA LEBAR MRT STATION,Exit D,786C0A6632548330,20251202172807,PAYA LEBAR MRT STATION,"['Circle Line', 'East-West Line']",2,"[""Circle Line"", ""East-West Line""]",True
18077,PROMENADE MRT STATION,Exit C,DF287781847E65C1,20251202172807,PROMENADE MRT STATION,"['Circle Line', 'Downtown Line']",2,"[""Circle Line"", ""Downtown Line""]",True
18078,KHATIB MRT STATION,Exit D,67A576351EE1E7DB,20251202172807,KHATIB MRT STATION,['North-South Line'],1,"[""North-South Line""]",True
18079,SIMEI MRT STATION,Exit A,FE7E73B9E2A00E1D,20251202172807,SIMEI MRT STATION,['East-West Line'],1,"[""East-West Line""]",True
18080,BEDOK MRT STATION,Exit C,D5D6C1E315FDB9D7,20251202172807,BEDOK MRT STATION,['East-West Line'],1,"[""East-West Line""]",True
18081,BUGIS MRT STATION,Exit D,1AC0E726E51FF630,20251202172807,BUGIS MRT STATION,"['Downtown Line', 'East-West Line']",2,"[""Downtown Line"", ""East-West Line""]",True
18122,JURONG EAST MRT STATION,Exit B,133799CC6DC30D46,20251202172807,JURONG EAST MRT STATION,"['East-West Line', 'North-South Line']",2,"[""East-West Line"", ""North-South Line""]",True
18123,YEW TEE MRT STATION,Exit B,35EAF4829E8E58D0,20251202172807,YEW TEE MRT STATION,['North-South Line'],1,"[""North-South Line""]",True
18124,YEW TEE MRT STATION,Exit A,3C305BEEF18066B9,20251202172807,YEW TEE MRT STATION,['North-South Line'],1,"[""North-South Line""]",True
18125,YEW TEE MRT STATION,Exit C,A5C5202910FC0B3E,20251202172807,YEW TEE MRT STATION,['North-South Line'],1,"[""North-South Line""]",True
18126,YEW TEE MRT STATION,Exit D,992342EAF6984144,20251202172807,YEW TEE MRT STATION,['North-South Line'],1,"[""North-South Line""]",True
18127,BUKIT GOMBAK MRT STATION,Exit B,DE40965F683CCE3E,20251202172807,BUKIT GOMBAK MRT STATION,['North-South Line'],1,"[""North-South Line""]",True
18128,KEAT HONG LRT STATION,Exit A,C7644F242A74A168,20251202172807,KEAT HONG LRT STATION,['Bukit Panjang LRT'],1,"[""Bukit Panjang LRT""]",True
18129,TECK WHYE LRT STATION,Exit A,E0F222D52301D3A3,20251202172807,TECK WHYE LRT STATION,['Bukit Panjang LRT'],1,"[""Bukit Panjang LRT""]",True
18130,PHOENIX LRT STATION,Exit A,C7F6410B1E2A01E2,20251202172807,PHOENIX LRT STATION,['Bukit Panjang LRT'],1,"[""Bukit Panjang LRT""]",True
18131,BUKIT PANJANG MRT STATION,Exit A,68EDD0201493E175,20251202172807,BUKIT PANJANG MRT STATION,['Downtown Line'],1,"[""Downtown Line""]",True
18132,PETIR LRT STATION,Exit A,B0600A1212F651AE,20251202172807,PETIR LRT STATION,['Bukit Panjang LRT'],1,"[""Bukit Panjang LRT""]",True
18133,PENDING LRT STATION,Exit A,17E89960BD47612A,20251202172807,PENDING LRT STATION,['Bukit Panjang LRT'],1,"[""Bukit Panjang LRT""]",True
18134,BANGKIT LRT STATION,Exit A,B7DF61CC7C6C3B13,20251202172807,BANGKIT LRT STATION,['Bukit Panjang LRT'],1,"[""Bukit Panjang LRT""]",True
18135,FAJAR LRT STATION,Exit A,A324402CF624723A,20251202172807,FAJAR LRT STATION,['Bukit Panjang LRT'],1,"[""Bukit Panjang LRT""]",True
18136,SEGAR LRT STATION,Exit A,54BFE6EB924CBA6F,20251202172807,SEGAR LRT STATION,['Bukit Panjang LRT'],1,"[""Bukit Panjang LRT""]",True
18137,JELAPANG LRT STATION,Exit A,45CDB0D9BDC73079,20251202172807,JELAPANG LRT STATION,['Bukit Panjang LRT'],1,"[""Bukit Panjang LRT""]",True
18138,TAMPINES MRT STATION,Exit F,2E179BE5B3B6B091,20251202172807,TAMPINES MRT STATION,"['Downtown Line', 'East-West Line']",2,"[""Downtown Line"", ""East-West Line""]",True
18139,GEYLANG BAHRU MRT STATION,Exit A,31AEB6AC99986A23,20251202172807,GEYLANG BAHRU MRT STATION,['Downtown Line'],1,"[""Downtown Line""]",True
18140,TAMPINES EAST MRT STATION,Exit A,CBB2A963BF33C276,20251202172807,TAMPINES EAST MRT STATION,['Downtown Line'],1,"[""Downtown Line""]",True
18141,KAKI BUKIT MRT STATION,Exit B,D3065772B4A8884B,20251202172807,KAKI BUKIT MRT STATION,['Downtown Line'],1,"[""Downtown Line""]",True
18142,BEDOK RESERVOIR MRT STATION,Exit B,D9EF7EDA7B6AE00E,20251202172807,BEDOK RESERVOIR MRT STATION,['Downtown Line'],1,"[""Downtown Line""]",True
18143,BENCOOLEN MRT STATION,Exit C,B84D682A36C94724,20251202172807,BENCOOLEN MRT STATION,['Downtown Line'],1,"[""Downtown Line""]",True
18144,BENCOOLEN MRT STATION,Exit A,58C4E2D41BF56E13,20251202172807,BENCOOLEN MRT STATION,['Downtown Line'],1,"[""Downtown Line""]",True
18145,KAKI BUKIT MRT STATION,Exit A,C7859F14611E3E46,20251202172807,KAKI BUKIT MRT STATION,['Downtown Line'],1,"[""Downtown Line""]",True
18146,TAMPINES WEST MRT STATION,Exit B,538DEFEDB8DF426A,20251202172807,TAMPINES WEST MRT STATION,['Downtown Line'],1,"[""Downtown Line""]",True
18147,JALAN BESAR MRT STATION,Exit A,1DF95F048432E540,20251202172807,JALAN BESAR MRT STATION,['Downtown Line'],1,"[""Downtown Line""]",True
18148,BENDEMEER MRT STATION,Exit A,CC5340F062D36648,20251202172807,BENDEMEER MRT STATION,['Downtown Line'],1,"[""Downtown Line""]",True
18149,BEDOK NORTH MRT STATION,Exit C,7227ED6E51A0A478,20251202172807,BEDOK NORTH MRT STATION,['Downtown Line'],1,"[""Downtown Line""]",True
18150,UPPER CHANGI MRT STATION,Exit D,DCF272AB67E90046,20251202172807,UPPER CHANGI MRT STATION,['Downtown Line'],1,"[""Downtown Line""]",True
18151,GEYLANG BAHRU MRT STATION,Exit B,7D14D8F944626336,20251202172807,GEYLANG BAHRU MRT STATION,['Downtown Line'],1,"[""Downtown Line""]",True
18152,TAMPINES MRT STATION,Exit D,1D91E52F1D3C6192,20251202172807,TAMPINES MRT STATION,"['Downtown Line', 'East-West Line']",2,"[""Downtown Line"", ""East-West Line""]",True
18153,ORCHARD MRT STATION,Exit 6,D7A5F13EF395CD85,20251202172807,ORCHARD MRT STATION,"['North-South Line', 'Thomson-East Coast Line']",2,"[""North-South Line"", ""Thomson-East Coast Line""]",True
18154,STEVENS MRT STATION,Exit 5,3DDAD01108E1ED83,20251202172807,STEVENS MRT STATION,"['Downtown Line', 'Thomson-East Coast Line']",2,"[""Downtown Line"", ""Thomson-East Coast Line""]",True
18155,STEVENS MRT STATION,Exit 4,93AA974193E59BF8,20251202172807,STEVENS MRT STATION,"['Downtown Line', 'Thomson-East Coast Line']",2,"[""Downtown Line"", ""Thomson-East Coast Line""]",True
18156,STEVENS MRT STATION,Exit 1,43C1FAB4A764D619,20251202172807,STEVENS MRT STATION,"['Downtown Line', 'Thomson-East Coast Line']",2,"[""Downtown Line"", ""Thomson-East Coast Line""]",True
18157,STEVENS MRT STATION,Exit 2,A6EA6AA10E329D97,20251202172807,STEVENS MRT STATION,"['Downtown Line', 'Thomson-East Coast Line']",2,"[""Downtown Line"", ""Thomson-East Coast Line""]",True
18158,STEVENS MRT STATION,Exit 3,FD76A5DA4056C137,20251202172807,STEVENS MRT STATION,"['Downtown Line', 'Thomson-East Coast Line']",2,"[""Downtown Line"", ""Thomson-East Coast Line""]",True
18159,HAVELOCK MRT STATION,Exit 1,43806860EF6F95B6,20251202172807,HAVELOCK MRT STATION,['Thomson-East Coast Line'],1,"[""Thomson-East Coast Line""]",True
18160,HAVELOCK MRT STATION,Exit 2,2B4107CDD54FF45A,20251202172807,HAVELOCK MRT STATION,['Thomson-East Coast Line'],1,"[""Thomson-East Coast Line""]",True
18161,HAVELOCK MRT STATION,Exit 5,41415B22F604DBB1,20251202172807,HAVELOCK MRT STATION,['Thomson-East Coast Line'],1,"[""Thomson-East Coast Line""]",True
18162,HAVELOCK MRT STATION,Exit 4,F01A3E97C6F40606,20251202172807,HAVELOCK MRT STATION,['Thomson-East Coast Line'],1,"[""Thomson-East Coast Line""]",True
18163,CITY HALL MRT STATION,Exit D,0D2982825A7A63D7,20251202172807,CITY HALL MRT STATION,"['East-West Line', 'North-South Line']",2,"[""East-West Line"", ""North-South Line""]",True
18164,CC9,E,D98C24C34886C2A7,20251202172807,,[],0,[],False
18165,CC9,F,C1F2BBD57BDE56E9,20251202172807,,[],0,[],False
18166,KATONG PARK MRT STATION,Exit 2,FC1CBA9301C10E50,20251202172807,KATONG PARK MRT STATION,['Thomson-East Coast Line'],1,"[""Thomson-East Coast Line""]",True
18167,KATONG PARK MRT STATION,Exit 1,15DB4306D5D96B25,20251202172807,KATONG PARK MRT STATION,['Thomson-East Coast Line'],1,"[""Thomson-East Coast Line""]",True
18168,MARINE PARADE MRT STATION,Exit 1,22754DFDE2D848CB,20251202172807,MARINE PARADE MRT STATION,['Thomson-East Coast Line'],1,"[""Thomson-East Coast Line""]",True
18169,MARINE PARADE MRT STATION,Exit 2,52845A2DC274CA7C,20251202172807,MARINE PARADE MRT STATION,['Thomson-East Coast Line'],1,"[""Thomson-East Coast Line""]",True
18170,MARINE PARADE MRT STATION,Exit 3,9CE48F9E4A0DF166,20251202172807,MARINE PARADE MRT STATION,['Thomson-East Coast Line'],1,"[""Thomson-East Coast Line""]",True
18171,MARINE PARADE MRT STATION,Exit 4,0DF85BF8AB49FEC7,20251202172807,MARINE PARADE MRT STATION,['Thomson-East Coast Line'],1,"[""Thomson-East Coast Line""]",True
18172,MARINE PARADE MRT STATION,Exit 6,732030E82EF855A4,20251202172807,MARINE PARADE MRT STATION,['Thomson-East Coast Line'],1,"[""Thomson-East Coast Line""]",True
18173,MARINE PARADE MRT STATION,Exit 5,D4E2F934F7995156,20251202172807,MARINE PARADE MRT STATION,['Thomson-East Coast Line'],1,"[""Thomson-East Coast Line""]",True
18174,MARINE TERRACE MRT STATION,Exit 4,48CC5428C44F3C52,20251202172807,MARINE TERRACE MRT STATION,['Thomson-East Coast Line'],1,"[""Thomson-East Coast Line""]",True
18175,MARINE TERRACE MRT STATION,Exit 1,34B15330BE334750,20251202172807,MARINE TERRACE MRT STATION,['Thomson-East Coast Line'],1,"[""Thomson-East Coast Line""]",True
18176,MARINE TERRACE MRT STATION,Exit 5,0A03D5F54F0F16EA,20251202172807,MARINE TERRACE MRT STATION,['Thomson-East Coast Line'],1,"[""Thomson-East Coast Line""]",True
18177,MARINE TERRACE MRT STATION,Exit 6,58814986A4D00949,20251202172807,MARINE TERRACE MRT STATION,['Thomson-East Coast Line'],1,"[""Thomson-East Coast Line""]",True
18178,MARINE TERRACE MRT STATION,Exit 2,5CB0B88DE39DABDE,20251202172807,MARINE TERRACE MRT STATION,['Thomson-East Coast Line'],1,"[""Thomson-East Coast Line""]",True
18179,MARINE TERRACE MRT STATION,Exit 3,1ACC71BADD4F380E,20251202172807,MARINE TERRACE MRT STATION,['Thomson-East Coast Line'],1,"[""Thomson-East Coast Line""]",True
18180,TANJONG RHU MRT STATION,Exit 1,96F40A3597110E95,20251202172807,TANJONG RHU MRT STATION,['Thomson-East Coast Line'],1,"[""Thomson-East Coast Line""]",True
18181,TANJONG RHU MRT STATION,Exit 2,E5EAE98FAAD310FA,20251202172807,TANJONG RHU MRT STATION,['Thomson-East Coast Line'],1,"[""Thomson-East Coast Line""]",True
18182,TANJONG KATONG MRT STATION,Exit 1,9EE3D3DBE4CA4419,20251202172807,TANJONG KATONG MRT STATION,['Thomson-East Coast Line'],1,"[""Thomson-East Coast Line""]",True
18183,TANJONG KATONG MRT STATION,Exit 2,20195B0C7E059151,20251202172807,TANJONG KATONG MRT STATION,['Thomson-East Coast Line'],1,"[""Thomson-East Coast Line""]",True
18184,SIGLAP MRT STATION,Exit 1,0CD4FE836F56EE89,20251202172807,SIGLAP MRT STATION,['Thomson-East Coast Line'],1,"[""Thomson-East Coast Line""]",True
18185,SIGLAP MRT STATION,Exit 2,8AD9E3CFFD77F7FC,20251202172807,SIGLAP MRT STATION,['Thomson-East Coast Line'],1,"[""Thomson-East Coast Line""]",True
18186,SIGLAP MRT STATION,Exit 3,5133D8768907FCBF,20251202172807,SIGLAP MRT STATION,['Thomson-East Coast Line'],1,"[""Thomson-East Coast Line""]",True
18187,SIGLAP MRT STATION,Exit 4,5449C62706BCB3AB,20251202172807,SIGLAP MRT STATION,['Thomson-East Coast Line'],1,"[""Thomson-East Coast Line""]",True
18188,BAYSHORE MRT STATION,Exit 1,CF6FB3FF74566524,20251202172807,BAYSHORE MRT STATION,['Thomson-East Coast Line'],1,"[""Thomson-East Coast Line""]",True
18189,BAYSHORE MRT STATION,Exit 2,AA83FB2CE4CCFB86,20251202172807,BAYSHORE MRT STATION,['Thomson-East Coast Line'],1,"[""Thomson-East Coast Line""]",True
18190,BAYSHORE MRT STATION,Exit 3,72CF4D8065313905,20251202172807,BAYSHORE MRT STATION,['Thomson-East Coast Line'],1,"[""Thomson-East Coast Line""]",True
18191,BAYSHORE MRT STATION,Exit 4,934C58722E4ADC1A,20251202172807,BAYSHORE MRT STATION,['Thomson-East Coast Line'],1,"[""Thomson-East Coast Line""]",True
18192,BAYSHORE MRT STATION,Exit 5,627189E55776A726,20251202172807,BAYSHORE MRT STATION,['Thomson-East Coast Line'],1,"[""Thomson-East Coast Line""]",True
18193,TANJONG KATONG MRT STATION,Exit 3,85C5F46F4FC53B6B,20251202172807,TANJONG KATONG MRT STATION,['Thomson-East Coast Line'],1,"[""Thomson-East Coast Line""]",True
18194,DT18,E,876C55E36105A859,20251202172807,,[],0,[],False
18195,DT4,2,DEBE61198CBF6328,20251202172807,,[],0,[],False
18196,DT18,D,1DD9022663718F32,20251202172807,,[],0,[],False
18197,DT4,1,BFFFA021E82FCF75,20251202172807,,[],0,[],False
18082,CITY HALL MRT STATION,Exit C,6F31D6D44E1CD68C,20251202172807,CITY HALL MRT STATION,"['East-West Line', 'North-South Line']",2,"[""East-West Line"", ""North-South Line""]",True
18083,QUEENSTOWN MRT STATION,Exit C,45F7FB42BEF80E73,20251202172807,QUEENSTOWN MRT STATION,['East-West Line'],1,"[""East-West Line""]",True
18084,QUEENSTOWN MRT STATION,Exit D,323A1F8C0515C318,20251202172807,QUEENSTOWN MRT STATION,['East-West Line'],1,"[""East-West Line""]",True
18085,COMMONWEALTH MRT STATION,Exit C,4759AD8699CAAFEB,20251202172807,COMMONWEALTH MRT STATION,['East-West Line'],1,"[""East-West Line""]",True
18086,COMMONWEALTH MRT STATION,Exit D,5C10631FF88A2A31,20251202172807,COMMONWEALTH MRT STATION,['East-West Line'],1,"[""East-West Line""]",True
18087,CLEMENTI MRT STATION,Exit D,1BCD78C2E2F0AEBA,20251202172807,CLEMENTI MRT STATION,['East-West Line'],1,"[""East-West Line""]",True
18088,CLEMENTI MRT STATION,Exit C,B42D779AB82F42CF,20251202172807,CLEMENTI MRT STATION,['East-West Line'],1,"[""East-West Line""]",True
18089,JURONG EAST MRT STATION,Exit D,F6949D2149A78ED9,20251202172807,JURONG EAST MRT STATION,"['East-West Line', 'North-South Line']",2,"[""East-West Line"", ""North-South Line""]",True
18090,ANG MO KIO MRT STATION,Exit D,2FA1606517F7F394,20251202172807,ANG MO KIO MRT STATION,['North-South Line'],1,"[""North-South Line""]",True
18091,SOMERSET MRT STATION,Exit C,947DEBE26C775910,20251202172807,SOMERSET MRT STATION,['North-South Line'],1,"[""North-South Line""]",True
18092,SOMERSET MRT STATION,Exit D,C8C03BAA2804D6D1,20251202172807,SOMERSET MRT STATION,['North-South Line'],1,"[""North-South Line""]",True
18093,MARINA SOUTH PIER MRT STATION,Exit A,F068727788589ACD,20251202172807,MARINA SOUTH PIER MRT STATION,['North-South Line'],1,"[""North-South Line""]",True
18094,MARINA SOUTH PIER MRT STATION,Exit B,C73EE0EE2FBED722,20251202172807,MARINA SOUTH PIER MRT STATION,['North-South Line'],1,"[""North-South Line""]",True
18095,CHINATOWN MRT STATION,Exit G,6EAFAD60E5DC5EB3,20251202172807,CHINATOWN MRT STATION,"['Downtown Line', 'North East Line']",2,"[""Downtown Line"", ""North East Line""]",True
18096,CHINATOWN MRT STATION,Exit F,F311BD73BF790D1C,20251202172807,CHINATOWN MRT STATION,"['Downtown Line', 'North East Line']",2,"[""Downtown Line"", ""North East Line""]",True
18097,BUKIT PANJANG MRT STATION,Exit B,BE5F7B68E04895BE,20251202172807,BUKIT PANJANG MRT STATION,['Downtown Line'],1,"[""Downtown Line""]",True
18098,HILLVIEW MRT STATION,Exit A,4A8EA2D66E8ECDA8,20251202172807,HILLVIEW MRT STATION,['Downtown Line'],1,"[""Downtown Line""]",True
18099,BEAUTY WORLD MRT STATION,Exit A,D320410A69021932,20251202172807,BEAUTY WORLD MRT STATION,['Downtown Line'],1,"[""Downtown Line""]",True
18100,BEAUTY WORLD MRT STATION,Exit C,7E2D6AAB2D36BBBA,20251202172807,BEAUTY WORLD MRT STATION,['Downtown Line'],1,"[""Downtown Line""]",True
18101,KING ALBERT PARK MRT STATION,Exit B,DAE9E8760965D45A,20251202172807,KING ALBERT PARK MRT STATION,['Downtown Line'],1,"[""Downtown Line""]",True
18102,SIXTH AVENUE MRT STATION,Exit B,10CC04828E7C82D8,20251202172807,SIXTH AVENUE MRT STATION,['Downtown Line'],1,"[""Downtown Line""]",True
18103,TAN KAH KEE MRT STATION,Exit B,A5B4AAE12B40643B,20251202172807,TAN KAH KEE MRT STATION,['Downtown Line'],1,"[""Downtown Line""]",True
18104,BOTANIC GARDENS MRT STATION,Exit B,1D8ACE3D804EFC33,20251202172807,BOTANIC GARDENS MRT STATION,"['Circle Line', 'Downtown Line']",2,"[""Circle Line"", ""Downtown Line""]",True
18105,NEWTON MRT STATION,Exit C,D977970135729EB8,20251202172807,NEWTON MRT STATION,"['Downtown Line', 'North-South Line']",2,"[""Downtown Line"", ""North-South Line""]",True
18106,LITTLE INDIA MRT STATION,Exit F,5617CFEE626840BB,20251202172807,LITTLE INDIA MRT STATION,"['Downtown Line', 'North East Line']",2,"[""Downtown Line"", ""North East Line""]",True
18107,ROCHOR MRT STATION,Exit B,5F1E6F573314E1E3,20251202172807,ROCHOR MRT STATION,['Downtown Line'],1,"[""Downtown Line""]",True
18108,DOWNTOWN MRT STATION,Exit A,AD2F8B7AE573BE63,20251202172807,DOWNTOWN MRT STATION,['Downtown Line'],1,"[""Downtown Line""]",True
18109,DOWNTOWN MRT STATION,Exit E,8938BEADE9C163A4,20251202172807,DOWNTOWN MRT STATION,['Downtown Line'],1,"[""Downtown Line""]",True
18110,DOWNTOWN MRT STATION,Exit B,419B0A25DCF2D8F3,20251202172807,DOWNTOWN MRT STATION,['Downtown Line'],1,"[""Downtown Line""]",True
18111,DOWNTOWN MRT STATION,Exit C,D77ADD7D0B7369D2,20251202172807,DOWNTOWN MRT STATION,['Downtown Line'],1,"[""Downtown Line""]",True
18112,DOWNTOWN MRT STATION,Exit D,2397863DFE9A27AE,20251202172807,DOWNTOWN MRT STATION,['Downtown Line'],1,"[""Downtown Line""]",True
18113,TELOK AYER MRT STATION,Exit C,F628F180D146397C,20251202172807,TELOK AYER MRT STATION,['Downtown Line'],1,"[""Downtown Line""]",True
18114,TELOK AYER MRT STATION,Exit B,0482FD5CBD7B912B,20251202172807,TELOK AYER MRT STATION,['Downtown Line'],1,"[""Downtown Line""]",True
18115,ONE-NORTH MRT STATION,Exit D,5C641090FA13AD51,20251202172807,ONE-NORTH MRT STATION,['Circle Line'],1,"[""Circle Line""]",True
18116,KENT RIDGE MRT STATION,Exit C,AE7207C0705527D0,20251202172807,KENT RIDGE MRT STATION,['Circle Line'],1,"[""Circle Line""]",True
18117,KENT RIDGE MRT STATION,Exit D,E895460A627947D4,20251202172807,KENT RIDGE MRT STATION,['Circle Line'],1,"[""Circle Line""]",True
18118,LITTLE INDIA MRT STATION,Exit D,ADDF2D4CC49805FA,20251202172807,LITTLE INDIA MRT STATION,"['Downtown Line', 'North East Line']",2,"[""Downtown Line"", ""North East Line""]",True
18119,BUKIT PANJANG MRT STATION,Exit A,46B17181D8944278,20251202172807,BUKIT PANJANG MRT STATION,['Downtown Line'],1,"[""Downtown Line""]",True
18120,JURONG EAST MRT STATION,Exit C,62C94126CEE417F0,20251202172807,JURONG EAST MRT STATION,"['East-West Line', 'North-South Line']",2,"[""East-West Line"", ""North-South Line""]",True
18121,JURONG EAST MRT STATION,Exit A,C166FA1DA983F4C3,20251202172807,JURONG EAST MRT STATION,"['East-West Line', 'North-South Line']",2,"[""East-West Line"", ""North-South Line""]",True
17922,OUTRAM PARK MRT STATION,Exit 5,C6452A7F824358BC,20251202172807,OUTRAM PARK MRT STATION,"['East-West Line', 'North East Line', 'Thomson-East Coast Line']",3,"[""East-West Line"", ""North East Line"", ""Thomson-East Coast Line""]",True
17923,OUTRAM PARK MRT STATION,Exit 6,CBF6275E32E848D8,20251202172807,OUTRAM PARK MRT STATION,"['East-West Line', 'North East Line', 'Thomson-East Coast Line']",3,"[""East-West Line"", ""North East Line"", ""Thomson-East Coast Line""]",True
17924,CLARKE QUAY MRT STATION,Exit C,4217F1A02B8B47A7,20251202172807,CLARKE QUAY MRT STATION,['North East Line'],1,"[""North East Line""]",True
17925,CLARKE QUAY MRT STATION,Exit F,18FD71C7FA6C0E2A,20251202172807,CLARKE QUAY MRT STATION,['North East Line'],1,"[""North East Line""]",True
17926,CLARKE QUAY MRT STATION,Exit A,BC3B9F37FEEA2F7D,20251202172807,CLARKE QUAY MRT STATION,['North East Line'],1,"[""North East Line""]",True
17927,CLARKE QUAY MRT STATION,Exit E,E4C1DE41B6ED8311,20251202172807,CLARKE QUAY MRT STATION,['North East Line'],1,"[""North East Line""]",True
17928,CHINATOWN MRT STATION,Exit C,872CCBBC52D205A8,20251202172807,CHINATOWN MRT STATION,"['Downtown Line', 'North East Line']",2,"[""Downtown Line"", ""North East Line""]",True
17929,CHOA CHU KANG LRT STATION,Exit B,C3478FBF9D9DA5A3,20251202172807,CHOA CHU KANG LRT STATION,['Bukit Panjang LRT'],1,"[""Bukit Panjang LRT""]",True
17930,CHINATOWN MRT STATION,Exit E,A5191DE73F930CFE,20251202172807,CHINATOWN MRT STATION,"['Downtown Line', 'North East Line']",2,"[""Downtown Line"", ""North East Line""]",True
17931,QUEENSTOWN MRT STATION,Exit A,2B9707C0F0ECEFC8,20251202172807,QUEENSTOWN MRT STATION,['East-West Line'],1,"[""East-West Line""]",True
17932,REDHILL MRT STATION,Exit A,08AE2164E30DF4A7,20251202172807,REDHILL MRT STATION,['East-West Line'],1,"[""East-West Line""]",True
17933,REDHILL MRT STATION,Exit B,C665A340A5A6CBEC,20251202172807,REDHILL MRT STATION,['East-West Line'],1,"[""East-West Line""]",True
17934,COMMONWEALTH MRT STATION,Exit B,07C70283FD8BEFD4,20251202172807,COMMONWEALTH MRT STATION,['East-West Line'],1,"[""East-West Line""]",True
17935,COMMONWEALTH MRT STATION,Exit A,2DDDE6ED2CFECBB8,20251202172807,COMMONWEALTH MRT STATION,['East-West Line'],1,"[""East-West Line""]",True
17936,TIONG BAHRU MRT STATION,Exit A,B5B30BE2B81082CE,20251202172807,TIONG BAHRU MRT STATION,['East-West Line'],1,"[""East-West Line""]",True
17937,TIONG BAHRU MRT STATION,Exit B,6D56F8B0A81292DB,20251202172807,TIONG BAHRU MRT STATION,['East-West Line'],1,"[""East-West Line""]",True
17938,HARBOURFRONT MRT STATION,Exit C,B43EC60E1D8817B8,20251202172807,HARBOURFRONT MRT STATION,"['Circle Line', 'North East Line']",2,"[""Circle Line"", ""North East Line""]",True
17939,HARBOURFRONT MRT STATION,Exit B,F2A67B74844A3E35,20251202172807,HARBOURFRONT MRT STATION,"['Circle Line', 'North East Line']",2,"[""Circle Line"", ""North East Line""]",True
17940,ORCHARD MRT STATION,Exit 4,7055832BEE42BDA7,20251202172807,ORCHARD MRT STATION,"['North-South Line', 'Thomson-East Coast Line']",2,"[""North-South Line"", ""Thomson-East Coast Line""]",True
17941,ORCHARD MRT STATION,Exit 1,EA3B90BA295EFD84,20251202172807,ORCHARD MRT STATION,"['North-South Line', 'Thomson-East Coast Line']",2,"[""North-South Line"", ""Thomson-East Coast Line""]",True
17942,NEWTON MRT STATION,Exit A,3A315A2361D88723,20251202172807,NEWTON MRT STATION,"['Downtown Line', 'North-South Line']",2,"[""Downtown Line"", ""North-South Line""]",True
17943,NEWTON MRT STATION,Exit B,B75D0390F4B7FDF5,20251202172807,NEWTON MRT STATION,"['Downtown Line', 'North-South Line']",2,"[""Downtown Line"", ""North-South Line""]",True
17944,ORCHARD MRT STATION,Exit 2,5EA01AD2A9EE377D,20251202172807,ORCHARD MRT STATION,"['North-South Line', 'Thomson-East Coast Line']",2,"[""North-South Line"", ""Thomson-East Coast Line""]",True
17945,LAVENDER MRT STATION,Exit A,67781AFE7035C87A,20251202172807,LAVENDER MRT STATION,['East-West Line'],1,"[""East-West Line""]",True
17946,LAVENDER MRT STATION,Exit B,79E658884200F5CF,20251202172807,LAVENDER MRT STATION,['East-West Line'],1,"[""East-West Line""]",True
17947,KALLANG MRT STATION,Exit B,6CF9B446E7CA4054,20251202172807,KALLANG MRT STATION,['East-West Line'],1,"[""East-West Line""]",True
17948,KALLANG MRT STATION,Exit A,C4FA9AF262FF43C1,20251202172807,KALLANG MRT STATION,['East-West Line'],1,"[""East-West Line""]",True
17949,ALJUNIED MRT STATION,Exit B,7C42B43D848F246C,20251202172807,ALJUNIED MRT STATION,['East-West Line'],1,"[""East-West Line""]",True
17950,ALJUNIED MRT STATION,Exit A,045EB7203A0A5B4F,20251202172807,ALJUNIED MRT STATION,['East-West Line'],1,"[""East-West Line""]",True
17951,LITTLE INDIA MRT STATION,Exit B,6ABD7125ED6CAD9B,20251202172807,LITTLE INDIA MRT STATION,"['Downtown Line', 'North East Line']",2,"[""Downtown Line"", ""North East Line""]",True
17952,FARRER PARK MRT STATION,Exit B,4A1DAEFD59468463,20251202172807,FARRER PARK MRT STATION,['North East Line'],1,"[""North East Line""]",True
17953,FARRER PARK MRT STATION,Exit E,6F1834F3D5171B51,20251202172807,FARRER PARK MRT STATION,['North East Line'],1,"[""North East Line""]",True
17954,FARRER PARK MRT STATION,Exit F,F1BDA4510E572B33,20251202172807,FARRER PARK MRT STATION,['North East Line'],1,"[""North East Line""]",True
17955,PROMENADE MRT STATION,Exit A,9EAAD1597236079B,20251202172807,PROMENADE MRT STATION,"['Circle Line', 'Downtown Line']",2,"[""Circle Line"", ""Downtown Line""]",True
17956,TOA PAYOH MRT STATION,Exit A,4345E66C22E984AC,20251202172807,TOA PAYOH MRT STATION,['North-South Line'],1,"[""North-South Line""]",True
17957,LAKESIDE MRT STATION,Exit A,33F25E28EB4DD76D,20251202172807,LAKESIDE MRT STATION,['East-West Line'],1,"[""East-West Line""]",True
17958,CHINESE GARDEN MRT STATION,Exit C,34270BC7D85E5169,20251202172807,CHINESE GARDEN MRT STATION,['East-West Line'],1,"[""East-West Line""]",True
17959,CHINESE GARDEN MRT STATION,Exit B,F57ABC73B061CF8C,20251202172807,CHINESE GARDEN MRT STATION,['East-West Line'],1,"[""East-West Line""]",True
17960,CHINESE GARDEN MRT STATION,Exit A,D5745B5A724E8909,20251202172807,CHINESE GARDEN MRT STATION,['East-West Line'],1,"[""East-West Line""]",True
17961,ADMIRALTY MRT STATION,Exit A,071776EA2CE1E3E9,20251202172807,ADMIRALTY MRT STATION,['North-South Line'],1,"[""North-South Line""]",True
17962,SEMBAWANG MRT STATION,Exit A,A4391FC0AAA1EAAC,20251202172807,SEMBAWANG MRT STATION,['North-South Line'],1,"[""North-South Line""]",True
17963,SEMBAWANG MRT STATION,Exit B,3167E33222F7BAC9,20251202172807,SEMBAWANG MRT STATION,['North-South Line'],1,"[""North-South Line""]",True
17964,YISHUN MRT STATION,Exit A,4D6714260A96395A,20251202172807,YISHUN MRT STATION,['North-South Line'],1,"[""North-South Line""]",True
17965,YISHUN MRT STATION,Exit D,7CCB5AAD7A692ED6,20251202172807,YISHUN MRT STATION,['North-South Line'],1,"[""North-South Line""]",True
17966,KHATIB MRT STATION,Exit C,BEC9777C2AF5693A,20251202172807,KHATIB MRT STATION,['North-South Line'],1,"[""North-South Line""]",True
17967,KHATIB MRT STATION,Exit A,0EB1742925CA5FD4,20251202172807,KHATIB MRT STATION,['North-South Line'],1,"[""North-South Line""]",True
17968,KHATIB MRT STATION,Exit B,DFC9A990CD03CDD1,20251202172807,KHATIB MRT STATION,['North-South Line'],1,"[""North-South Line""]",True
17969,SEMBAWANG MRT STATION,Exit D,A612A01DC4DD39AA,20251202172807,SEMBAWANG MRT STATION,['North-South Line'],1,"[""North-South Line""]",True
17970,PASIR RIS MRT STATION,Exit B,5F3BC6B21D0848C7,20251202172807,PASIR RIS MRT STATION,['East-West Line'],1,"[""East-West Line""]",True
17971,PASIR RIS MRT STATION,Exit A,A801E2A1E34520C9,20251202172807,PASIR RIS MRT STATION,['East-West Line'],1,"[""East-West Line""]",True
17972,TAMPINES MRT STATION,Exit A,6D821717AFC18096,20251202172807,TAMPINES MRT STATION,"['Downtown Line', 'East-West Line']",2,"[""Downtown Line"", ""East-West Line""]",True
17973,TAMPINES MRT STATION,Exit C,ACC2B4758E58EF1B,20251202172807,TAMPINES MRT STATION,"['Downtown Line', 'East-West Line']",2,"[""Downtown Line"", ""East-West Line""]",True
17974,CHOA CHU KANG MRT STATION,Exit C,2E2B70E0E2D25273,20251202172807,CHOA CHU KANG MRT STATION,['North-South Line'],1,"[""North-South Line""]",True
17975,CHOA CHU KANG MRT STATION,Exit A,51E0066A5AD1C4F1,20251202172807,CHOA CHU KANG MRT STATION,['North-South Line'],1,"[""North-South Line""]",True
17976,ORCHARD MRT STATION,Exit 3,9C4A361AF93F75D2,20251202172807,ORCHARD MRT STATION,"['North-South Line', 'Thomson-East Coast Line']",2,"[""North-South Line"", ""Thomson-East Coast Line""]",True
17977,ORCHARD MRT STATION,Exit 7,4E4D642287D1546E,20251202172807,ORCHARD MRT STATION,"['North-South Line', 'Thomson-East Coast Line']",2,"[""North-South Line"", ""Thomson-East Coast Line""]",True
17978,SOMERSET MRT STATION,Exit B,87BD98DB1E154EDA,20251202172807,SOMERSET MRT STATION,['North-South Line'],1,"[""North-South Line""]",True
17979,DHOBY GHAUT MRT STATION,Exit A,348F2D3D9B9B7760,20251202172807,DHOBY GHAUT MRT STATION,"['Circle Line', 'North East Line', 'North-South Line']",3,"[""Circle Line"", ""North East Line"", ""North-South Line""]",True
17980,DHOBY GHAUT MRT STATION,Exit B,BBEA402CB9EF9C2E,20251202172807,DHOBY GHAUT MRT STATION,"['Circle Line', 'North East Line', 'North-South Line']",3,"[""Circle Line"", ""North East Line"", ""North-South Line""]",True
17981,DHOBY GHAUT MRT STATION,Exit E,F3513EFAD04F7A68,20251202172807,DHOBY GHAUT MRT STATION,"['Circle Line', 'North East Line', 'North-South Line']",3,"[""Circle Line"", ""North East Line"", ""North-South Line""]",True
17982,DHOBY GHAUT MRT STATION,Exit F,3DC596781F39163C,20251202172807,DHOBY GHAUT MRT STATION,"['Circle Line', 'North East Line', 'North-South Line']",3,"[""Circle Line"", ""North East Line"", ""North-South Line""]",True
17983,BUGIS MRT STATION,Exit C,9A6B839F19EEBCD4,20251202172807,BUGIS MRT STATION,"['Downtown Line', 'East-West Line']",2,"[""Downtown Line"", ""East-West Line""]",True
17984,CITY HALL MRT STATION,Exit A,762708380AC6662A,20251202172807,CITY HALL MRT STATION,"['East-West Line', 'North-South Line']",2,"[""East-West Line"", ""North-South Line""]",True
17985,CITY HALL MRT STATION,Exit B,16ABA07E07EB8482,20251202172807,CITY HALL MRT STATION,"['East-West Line', 'North-South Line']",2,"[""East-West Line"", ""North-South Line""]",True
17986,BUGIS MRT STATION,Exit B,5BA6737A900E594D,20251202172807,BUGIS MRT STATION,"['Downtown Line', 'East-West Line']",2,"[""Downtown Line"", ""East-West Line""]",True
17987,BUGIS MRT STATION,Exit A,A06B8C4EF9D0D3CF,20251202172807,BUGIS MRT STATION,"['Downtown Line', 'East-West Line']",2,"[""Downtown Line"", ""East-West Line""]",True
17988,OUTRAM PARK MRT STATION,Exit 1,9240996FD39C6AB0,20251202172807,OUTRAM PARK MRT STATION,"['East-West Line', 'North East Line', 'Thomson-East Coast Line']",3,"[""East-West Line"", ""North East Line"", ""Thomson-East Coast Line""]",True
17989,OUTRAM PARK MRT STATION,Exit 2,E6EE8657F042CAA7,20251202172807,OUTRAM PARK MRT STATION,"['East-West Line', 'North East Line', 'Thomson-East Coast Line']",3,"[""East-West Line"", ""North East Line"", ""Thomson-East Coast Line""]",True
17990,TANJONG PAGAR MRT STATION,Exit B,B6A65715434862A9,20251202172807,TANJONG PAGAR MRT STATION,['East-West Line'],1,"[""East-West Line""]",True
17991,TANJONG PAGAR MRT STATION,Exit A,1052749762F1E1E3,20251202172807,TANJONG PAGAR MRT STATION,['East-West Line'],1,"[""East-West Line""]",True
17992,TANJONG PAGAR MRT STATION,Exit C,44F1B6273F87FEDF,20251202172807,TANJONG PAGAR MRT STATION,['East-West Line'],1,"[""East-West Line""]",True
17993,TANJONG PAGAR MRT STATION,Exit D,8B6F9D10513EFA49,20251202172807,TANJONG PAGAR MRT STATION,['East-West Line'],1,"[""East-West Line""]",True
17994,RAFFLES PLACE MRT STATION,Exit H,3363214AF138AD7A,20251202172807,RAFFLES PLACE MRT STATION,"['East-West Line', 'North-South Line']",2,"[""East-West Line"", ""North-South Line""]",True
17995,RAFFLES PLACE MRT STATION,Exit E,40F9660EB1C4C12E,20251202172807,RAFFLES PLACE MRT STATION,"['East-West Line', 'North-South Line']",2,"[""East-West Line"", ""North-South Line""]",True
17996,RAFFLES PLACE MRT STATION,Exit B,F5DECEDB9FFE5F33,20251202172807,RAFFLES PLACE MRT STATION,"['East-West Line', 'North-South Line']",2,"[""East-West Line"", ""North-South Line""]",True
17997,RAFFLES PLACE MRT STATION,Exit G,229B46DF8A1250CC,20251202172807,RAFFLES PLACE MRT STATION,"['East-West Line', 'North-South Line']",2,"[""East-West Line"", ""North-South Line""]",True
17998,RAFFLES PLACE MRT STATION,Exit A,7908CDF860503E38,20251202172807,RAFFLES PLACE MRT STATION,"['East-West Line', 'North-South Line']",2,"[""East-West Line"", ""North-South Line""]",True
17999,RAFFLES PLACE MRT STATION,Exit D,BDC3B51F0318BD2C,20251202172807,RAFFLES PLACE MRT STATION,"['East-West Line', 'North-South Line']",2,"[""East-West Line"", ""North-South Line""]",True
18000,DHOBY GHAUT MRT STATION,Exit D,94631C7F11FCE747,20251202172807,DHOBY GHAUT MRT STATION,"['Circle Line', 'North East Line', 'North-South Line']",3,"[""Circle Line"", ""North East Line"", ""North-South Line""]",True
18001,TAMPINES MRT STATION,Exit E,CFE16BC8ECCE4D1A,20251202172807,TAMPINES MRT STATION,"['Downtown Line', 'East-West Line']",2,"[""Downtown Line"", ""East-West Line""]",True
18002,UPPER CHANGI MRT STATION,Exit A,23F915FD4BA908AB,20251202172807,UPPER CHANGI MRT STATION,['Downtown Line'],1,"[""Downtown Line""]",True
18003,TAMPINES EAST MRT STATION,Exit B,192449D843551047,20251202172807,TAMPINES EAST MRT STATION,['Downtown Line'],1,"[""Downtown Line""]",True
18004,JALAN BESAR MRT STATION,Exit B,F845CB06D67E6A83,20251202172807,JALAN BESAR MRT STATION,['Downtown Line'],1,"[""Downtown Line""]",True
18005,BEDOK NORTH MRT STATION,Exit A,D120C83FD7AA7B80,20251202172807,BEDOK NORTH MRT STATION,['Downtown Line'],1,"[""Downtown Line""]",True
18006,UPPER CHANGI MRT STATION,Exit A,FC43DB54B0E61973,20251202172807,UPPER CHANGI MRT STATION,['Downtown Line'],1,"[""Downtown Line""]",True
18007,BEDOK NORTH MRT STATION,Exit B,472D306FE205DA62,20251202172807,BEDOK NORTH MRT STATION,['Downtown Line'],1,"[""Downtown Line""]",True
18008,BENDEMEER MRT STATION,Exit B,5EC1075AF445471C,20251202172807,BENDEMEER MRT STATION,['Downtown Line'],1,"[""Downtown Line""]",True
18009,TAMPINES WEST MRT STATION,Exit A,6F2A56A935D2673D,20251202172807,TAMPINES WEST MRT STATION,['Downtown Line'],1,"[""Downtown Line""]",True
18010,UBI MRT STATION,Exit B,7CB7D918F6B5E915,20251202172807,UBI MRT STATION,['Downtown Line'],1,"[""Downtown Line""]",True
18011,FORT CANNING MRT STATION,Exit B,AF446178B7F1A586,20251202172807,FORT CANNING MRT STATION,['Downtown Line'],1,"[""Downtown Line""]",True
18012,BEDOK NORTH MRT STATION,Exit B,4D84939055694394,20251202172807,BEDOK NORTH MRT STATION,['Downtown Line'],1,"[""Downtown Line""]",True
18013,MATTAR MRT STATION,Exit B,63BE655DB172CD4E,20251202172807,MATTAR MRT STATION,['Downtown Line'],1,"[""Downtown Line""]",True
18014,FORT CANNING MRT STATION,Exit A,FC551044CAEAB201,20251202172807,FORT CANNING MRT STATION,['Downtown Line'],1,"[""Downtown Line""]",True
18015,UBI MRT STATION,Exit A,CAE96AD9A152877B,20251202172807,UBI MRT STATION,['Downtown Line'],1,"[""Downtown Line""]",True
18016,UPPER CHANGI MRT STATION,Exit C,9EAAA93AC64D4C2B,20251202172807,UPPER CHANGI MRT STATION,['Downtown Line'],1,"[""Downtown Line""]",True
18017,UPPER CHANGI MRT STATION,Exit B,D12B752513687695,20251202172807,UPPER CHANGI MRT STATION,['Downtown Line'],1,"[""Downtown Line""]",True
18018,WOODLANDS SOUTH MRT STATION,Exit 5,DADA67E3382ACDE0,20251202172807,WOODLANDS SOUTH MRT STATION,['Thomson-East Coast Line'],1,"[""Thomson-East Coast Line""]",True
18019,OUTRAM PARK MRT STATION,Exit 8,3057E9135BFBD0F9,20251202172807,OUTRAM PARK MRT STATION,"['East-West Line', 'North East Line', 'Thomson-East Coast Line']",3,"[""East-West Line"", ""North East Line"", ""Thomson-East Coast Line""]",True
18020,OUTRAM PARK MRT STATION,Exit 7,3C9A35B7FDC33A1A,20251202172807,OUTRAM PARK MRT STATION,"['East-West Line', 'North East Line', 'Thomson-East Coast Line']",3,"[""East-West Line"", ""North East Line"", ""Thomson-East Coast Line""]",True
18021,MAXWELL MRT STATION,Exit 3,CE1632BF9D6E1F72,20251202172807,MAXWELL MRT STATION,['Thomson-East Coast Line'],1,"[""Thomson-East Coast Line""]",True
18022,MAXWELL MRT STATION,Exit 1,5D6CDC9708168E3B,20251202172807,MAXWELL MRT STATION,['Thomson-East Coast Line'],1,"[""Thomson-East Coast Line""]",True
18023,MAXWELL MRT STATION,Exit 2,95F61602B7CE905C,20251202172807,MAXWELL MRT STATION,['Thomson-East Coast Line'],1,"[""Thomson-East Coast Line""]",True
18024,SHENTON WAY MRT STATION,Exit 1,AAEEB32398817172,20251202172807,SHENTON WAY MRT STATION,['Thomson-East Coast Line'],1,"[""Thomson-East Coast Line""]",True
18025,SHENTON WAY MRT STATION,Exit 5,03444FA2BC9AF9DF,20251202172807,SHENTON WAY MRT STATION,['Thomson-East Coast Line'],1,"[""Thomson-East Coast Line""]",True
18026,SHENTON WAY MRT STATION,Exit 4,2B1F698DD3DB8746,20251202172807,SHENTON WAY MRT STATION,['Thomson-East Coast Line'],1,"[""Thomson-East Coast Line""]",True
18027,SHENTON WAY MRT STATION,Exit 2,FD720BE5E5565E2E,20251202172807,SHENTON WAY MRT STATION,['Thomson-East Coast Line'],1,"[""Thomson-East Coast Line""]",True
18028,SHENTON WAY MRT STATION,Exit 3,A54D185A5569B115,20251202172807,SHENTON WAY MRT STATION,['Thomson-East Coast Line'],1,"[""Thomson-East Coast Line""]",True
18029,SHENTON WAY MRT STATION,Exit 6,42CEFA5FE7DD78D9,20251202172807,SHENTON WAY MRT STATION,['Thomson-East Coast Line'],1,"[""Thomson-East Coast Line""]",True
18030,MARINA BAY MRT STATION,Exit 1,4F0EDD7252D1EAF8,20251202172807,MARINA BAY MRT STATION,"['Circle Line Extension', 'North-South Line', 'Thomson-East Coast Line']",3,"[""Circle Line Extension"", ""North-South Line"", ""Thomson-East Coast Line""]",True
18031,MARINA BAY MRT STATION,Exit 5,03BC8BA7B72C2D81,20251202172807,MARINA BAY MRT STATION,"['Circle Line Extension', 'North-South Line', 'Thomson-East Coast Line']",3,"[""Circle Line Extension"", ""North-South Line"", ""Thomson-East Coast Line""]",True
18032,MARINA BAY MRT STATION,Exit 4,F125CE014C37C2DB,20251202172807,MARINA BAY MRT STATION,"['Circle Line Extension', 'North-South Line', 'Thomson-East Coast Line']",3,"[""Circle Line Extension"", ""North-South Line"", ""Thomson-East Coast Line""]",True
18033,MARINA BAY MRT STATION,Exit 3,2F2639EB423EFD0D,20251202172807,MARINA BAY MRT STATION,"['Circle Line Extension', 'North-South Line', 'Thomson-East Coast Line']",3,"[""Circle Line Extension"", ""North-South Line"", ""Thomson-East Coast Line""]",True
18034,MARINA BAY MRT STATION,Exit 2,9B69D26308E8046F,20251202172807,MARINA BAY MRT STATION,"['Circle Line Extension', 'North-South Line', 'Thomson-East Coast Line']",3,"[""Circle Line Extension"", ""North-South Line"", ""Thomson-East Coast Line""]",True
18035,GARDENS BY THE BAY MRT STATION,Exit 3,139A309B16435395,20251202172807,GARDENS BY THE BAY MRT STATION,['Thomson-East Coast Line'],1,"[""Thomson-East Coast Line""]",True
18036,GARDENS BY THE BAY MRT STATION,Exit 2,64955697073C7D02,20251202172807,GARDENS BY THE BAY MRT STATION,['Thomson-East Coast Line'],1,"[""Thomson-East Coast Line""]",True
18037,GARDENS BY THE BAY MRT STATION,Exit 1,272B01765238D930,20251202172807,GARDENS BY THE BAY MRT STATION,['Thomson-East Coast Line'],1,"[""Thomson-East Coast Line""]",True
18038,MARINA SOUTH MRT STATION,Exit 1,20846F5C306F5CFE,20251202172807,,[],0,[],False
18039,MARINA SOUTH MRT STATION,Exit 2,AC98AC5E6E4A2440,20251202172807,,[],0,[],False
18040,MARINA SOUTH MRT STATION,Exit 3,0D8225B43A9DB12A,20251202172807,,[],0,[],False
18041,MARINA SOUTH MRT STATION,Exit 4,465066CFAE562319,20251202172807,,[],0,[],False
17682,SUMANG LRT STATION,Exit A,DE121A01C547F972,20251202172807,SUMANG LRT STATION,['Punggol LRT'],1,"[""Punggol LRT""]",True
17683,SUMANG LRT STATION,Exit B,5B2417A2FAFF4D06,20251202172807,SUMANG LRT STATION,['Punggol LRT'],1,"[""Punggol LRT""]",True
17684,BUKIT GOMBAK MRT STATION,Exit C,86F244E67822A799,20251202172807,BUKIT GOMBAK MRT STATION,['North-South Line'],1,"[""North-South Line""]",True
17685,BUKIT GOMBAK MRT STATION,Exit A,09DD5C2C18DD73D5,20251202172807,BUKIT GOMBAK MRT STATION,['North-South Line'],1,"[""North-South Line""]",True
17686,BUKIT GOMBAK MRT STATION,Exit D,ED8947B8EAD1722E,20251202172807,BUKIT GOMBAK MRT STATION,['North-South Line'],1,"[""North-South Line""]",True
17687,BOON LAY MRT STATION,Exit B,D64646CF4B4055D8,20251202172807,BOON LAY MRT STATION,['East-West Line'],1,"[""East-West Line""]",True
17688,BOON LAY MRT STATION,Exit C,E67002E356755554,20251202172807,BOON LAY MRT STATION,['East-West Line'],1,"[""East-West Line""]",True
17689,BOON LAY MRT STATION,Exit A,F72B433FA6426C66,20251202172807,BOON LAY MRT STATION,['East-West Line'],1,"[""East-West Line""]",True
17690,LAKESIDE MRT STATION,Exit C,577ECF5E707DE228,20251202172807,LAKESIDE MRT STATION,['East-West Line'],1,"[""East-West Line""]",True
17691,LAKESIDE MRT STATION,Exit B,DA7033E23CE2B741,20251202172807,LAKESIDE MRT STATION,['East-West Line'],1,"[""East-West Line""]",True
17692,KRANJI MRT STATION,Exit C,20E6B767B2F69FB8,20251202172807,KRANJI MRT STATION,['North-South Line'],1,"[""North-South Line""]",True
17693,BUKIT PANJANG LRT STATION,Exit A,09D276CE9D28C5F6,20251202172807,BUKIT PANJANG LRT STATION,['Bukit Panjang LRT'],1,"[""Bukit Panjang LRT""]",True
17694,BUKIT PANJANG LRT STATION,Exit B,E6C3D8E13B430D8D,20251202172807,BUKIT PANJANG LRT STATION,['Bukit Panjang LRT'],1,"[""Bukit Panjang LRT""]",True
17695,SAMUDERA LRT STATION,Exit A,5773D3B5DB9A561F,20251202172807,SAMUDERA LRT STATION,['Punggol LRT'],1,"[""Punggol LRT""]",True
17696,SAMUDERA LRT STATION,Exit B,4D74C24533C50685,20251202172807,SAMUDERA LRT STATION,['Punggol LRT'],1,"[""Punggol LRT""]",True
17697,TECK LEE LRT STATION,Exit A,3025BE9395030FE0,20251202172807,,[],0,[],False
17698,TECK LEE LRT STATION,Exit B,B648DCD0478F77B3,20251202172807,,[],0,[],False
17699,SAM KEE LRT STATION,Exit A,D716A4040285BEB9,20251202172807,SAM KEE LRT STATION,['Punggol LRT'],1,"[""Punggol LRT""]",True
17700,SAM KEE LRT STATION,Exit B,ED444F6994E770B0,20251202172807,SAM KEE LRT STATION,['Punggol LRT'],1,"[""Punggol LRT""]",True
17701,DAMAI LRT STATION,Exit B,C9AD817C66E8F720,20251202172807,DAMAI LRT STATION,['Punggol LRT'],1,"[""Punggol LRT""]",True
17702,OASIS LRT STATION,Exit B,9B8770AEDF254A19,20251202172807,OASIS LRT STATION,['Punggol LRT'],1,"[""Punggol LRT""]",True
17703,KADALOOR LRT STATION,Exit B,F84C17D9498B88F1,20251202172807,KADALOOR LRT STATION,['Punggol LRT'],1,"[""Punggol LRT""]",True
17704,RIVIERA LRT STATION,Exit B,B302D78A0F102EF5,20251202172807,RIVIERA LRT STATION,['Punggol LRT'],1,"[""Punggol LRT""]",True
17705,RIVIERA LRT STATION,Exit A,720E105DE8EACE66,20251202172807,RIVIERA LRT STATION,['Punggol LRT'],1,"[""Punggol LRT""]",True
17706,CORAL EDGE LRT STATION,Exit B,E7718F39AA487D8B,20251202172807,CORAL EDGE LRT STATION,['Punggol LRT'],1,"[""Punggol LRT""]",True
17707,CORAL EDGE LRT STATION,Exit A,D4CB376FFBED3D8A,20251202172807,CORAL EDGE LRT STATION,['Punggol LRT'],1,"[""Punggol LRT""]",True
17708,COVE LRT STATION,Exit B,8007BDF5105E0800,20251202172807,COVE LRT STATION,['Punggol LRT'],1,"[""Punggol LRT""]",True
17709,HARBOURFRONT MRT STATION,Exit A,54F69FDA2233B8B4,20251202172807,HARBOURFRONT MRT STATION,"['Circle Line', 'North East Line']",2,"[""Circle Line"", ""North East Line""]",True
17710,FERNVALE LRT STATION,Exit A,92D152D45E445F84,20251202172807,FERNVALE LRT STATION,['Sengkang LRT'],1,"[""Sengkang LRT""]",True
17711,BUKIT PANJANG LRT STATION,Exit C,C1FCA2C604034AB0,20251202172807,BUKIT PANJANG LRT STATION,['Bukit Panjang LRT'],1,"[""Bukit Panjang LRT""]",True
17712,BUKIT PANJANG LRT STATION,Exit D,0D013B4A269EF17B,20251202172807,BUKIT PANJANG LRT STATION,['Bukit Panjang LRT'],1,"[""Bukit Panjang LRT""]",True
17713,TANAH MERAH MRT STATION,Exit B,A923EE234A94C8FF,20251202172807,TANAH MERAH MRT STATION,['East-West Line'],1,"[""East-West Line""]",True
17714,TANAH MERAH MRT STATION,Exit A,36F95FB516EC35CE,20251202172807,TANAH MERAH MRT STATION,['East-West Line'],1,"[""East-West Line""]",True
17715,CLEMENTI MRT STATION,Exit A,A9519BF912A2133C,20251202172807,CLEMENTI MRT STATION,['East-West Line'],1,"[""East-West Line""]",True
17716,CLEMENTI MRT STATION,Exit B,B7D91BDACAA183E1,20251202172807,CLEMENTI MRT STATION,['East-West Line'],1,"[""East-West Line""]",True
17717,BUONA VISTA MRT STATION,Exit A,EE2D2107B28FC4C5,20251202172807,BUONA VISTA MRT STATION,"['Circle Line', 'East-West Line']",2,"[""Circle Line"", ""East-West Line""]",True
17718,BUONA VISTA MRT STATION,Exit B,95621469AB2856E4,20251202172807,BUONA VISTA MRT STATION,"['Circle Line', 'East-West Line']",2,"[""Circle Line"", ""East-West Line""]",True
17719,BUONA VISTA MRT STATION,Exit C,F92A8D113B600232,20251202172807,BUONA VISTA MRT STATION,"['Circle Line', 'East-West Line']",2,"[""Circle Line"", ""East-West Line""]",True
17720,QUEENSTOWN MRT STATION,Exit B,C54B2E9241AC7587,20251202172807,QUEENSTOWN MRT STATION,['East-West Line'],1,"[""East-West Line""]",True
17721,CHENG LIM LRT STATION,Exit A,FC07F81DEF01BAAF,20251202172807,CHENG LIM LRT STATION,['Sengkang LRT'],1,"[""Sengkang LRT""]",True
17762,FARRER PARK MRT STATION,Exit A,360853AB3FB5F8E8,20251202172807,FARRER PARK MRT STATION,['North East Line'],1,"[""North East Line""]",True
17763,FARRER PARK MRT STATION,Exit G,E130D0857A648E60,20251202172807,FARRER PARK MRT STATION,['North East Line'],1,"[""North East Line""]",True
17764,FARRER PARK MRT STATION,Exit I,29BDA63F18A13487,20251202172807,FARRER PARK MRT STATION,['North East Line'],1,"[""North East Line""]",True
17765,FARRER PARK MRT STATION,Exit H,54174A49E0822F8A,20251202172807,FARRER PARK MRT STATION,['North East Line'],1,"[""North East Line""]",True
17766,BOON KENG MRT STATION,Exit C,B8343022B9AB9000,20251202172807,BOON KENG MRT STATION,['North East Line'],1,"[""North East Line""]",True
17767,POTONG PASIR MRT STATION,Exit A,1B39543BA5308563,20251202172807,POTONG PASIR MRT STATION,['North East Line'],1,"[""North East Line""]",True
17768,NICOLL HIGHWAY MRT STATION,Exit B,2E07D7422B61952A,20251202172807,NICOLL HIGHWAY MRT STATION,['Circle Line'],1,"[""Circle Line""]",True
17769,BOTANIC GARDENS MRT STATION,Exit A,A2B2C9A4721A3198,20251202172807,BOTANIC GARDENS MRT STATION,"['Circle Line', 'Downtown Line']",2,"[""Circle Line"", ""Downtown Line""]",True
17770,FARRER ROAD MRT STATION,Exit A,256E821C70941FD4,20251202172807,FARRER ROAD MRT STATION,['Circle Line'],1,"[""Circle Line""]",True
17771,FARRER ROAD MRT STATION,Exit B,C5B7A8210D496AE2,20251202172807,FARRER ROAD MRT STATION,['Circle Line'],1,"[""Circle Line""]",True
17772,HOLLAND VILLAGE MRT STATION,Exit C,6C37FA62DE7E9E31,20251202172807,HOLLAND VILLAGE MRT STATION,['Circle Line'],1,"[""Circle Line""]",True
17773,HOLLAND VILLAGE MRT STATION,Exit A,5AE0992EF2AB9ACA,20251202172807,HOLLAND VILLAGE MRT STATION,['Circle Line'],1,"[""Circle Line""]",True
17774,BAYFRONT MRT STATION,Exit C,959F42085F43D0D7,20251202172807,BAYFRONT MRT STATION,"['Circle Line Extension', 'Downtown Line']",2,"[""Circle Line Extension"", ""Downtown Line""]",True
17775,BAYFRONT MRT STATION,Exit B,F8BA0963046FE249,20251202172807,BAYFRONT MRT STATION,"['Circle Line Extension', 'Downtown Line']",2,"[""Circle Line Extension"", ""Downtown Line""]",True
17776,BEAUTY WORLD MRT STATION,Exit B,91AF290F33622FDB,20251202172807,BEAUTY WORLD MRT STATION,['Downtown Line'],1,"[""Downtown Line""]",True
17777,BISHAN MRT STATION,Exit D,CC79D6FD2A8F1DD0,20251202172807,BISHAN MRT STATION,"['Circle Line', 'North-South Line']",2,"[""Circle Line"", ""North-South Line""]",True
17778,BISHAN MRT STATION,Exit A,32BBD904B9B7DCBD,20251202172807,BISHAN MRT STATION,"['Circle Line', 'North-South Line']",2,"[""Circle Line"", ""North-South Line""]",True
17779,BOON KENG MRT STATION,Exit A,0194CF0B3B46824D,20251202172807,BOON KENG MRT STATION,['North East Line'],1,"[""North East Line""]",True
17780,SENGKANG MRT STATION,Exit D,E026168F5D7B044A,20251202172807,SENGKANG MRT STATION,['North East Line'],1,"[""North East Line""]",True
17781,SENGKANG MRT STATION,Exit B,7B18AEBD6DA44B02,20251202172807,SENGKANG MRT STATION,['North East Line'],1,"[""North East Line""]",True
17782,SENGKANG MRT STATION,Exit A,245FC278F4E5D3D3,20251202172807,SENGKANG MRT STATION,['North East Line'],1,"[""North East Line""]",True
17783,SENGKANG MRT STATION,Exit C,5C2ABE67FA9DA403,20251202172807,SENGKANG MRT STATION,['North East Line'],1,"[""North East Line""]",True
17784,PUNGGOL MRT STATION,Exit A,0B2529A684127E11,20251202172807,PUNGGOL MRT STATION,['North East Line'],1,"[""North East Line""]",True
17785,PUNGGOL LRT STATION,Exit D,ABD1B5F0A5C95A52,20251202172807,PUNGGOL LRT STATION,['Punggol LRT'],1,"[""Punggol LRT""]",True
17786,PUNGGOL MRT STATION,Exit B,E3FC8EFB1852284C,20251202172807,PUNGGOL MRT STATION,['North East Line'],1,"[""North East Line""]",True
17787,PUNGGOL LRT STATION,Exit C,946836207101FC23,20251202172807,PUNGGOL LRT STATION,['Punggol LRT'],1,"[""Punggol LRT""]",True
17788,BUANGKOK MRT STATION,A,7C714ED0FE4AF579,20251202172807,BUANGKOK MRT STATION,['North East Line'],1,"[""North East Line""]",True
17789,BUANGKOK MRT STATION,Exit B,64BE76AD177F77E2,20251202172807,BUANGKOK MRT STATION,['North East Line'],1,"[""North East Line""]",True
17790,YISHUN MRT STATION,Exit C,6A53878C399EA119,20251202172807,YISHUN MRT STATION,['North-South Line'],1,"[""North-South Line""]",True
17791,TAI SENG MRT STATION,Exit B,B121007692C889BF,20251202172807,TAI SENG MRT STATION,['Circle Line'],1,"[""Circle Line""]",True
17792,BARTLEY MRT STATION,Exit B,21A49043695321F2,20251202172807,BARTLEY MRT STATION,['Circle Line'],1,"[""Circle Line""]",True
17793,BARTLEY MRT STATION,Exit A,0455856EC60DC1B0,20251202172807,BARTLEY MRT STATION,['Circle Line'],1,"[""Circle Line""]",True
17794,SERANGOON MRT STATION,Exit H,F904CF22F1692BDE,20251202172807,SERANGOON MRT STATION,"['Circle Line', 'North East Line']",2,"[""Circle Line"", ""North East Line""]",True
17795,SERANGOON MRT STATION,Exit A,56E474B40576C822,20251202172807,SERANGOON MRT STATION,"['Circle Line', 'North East Line']",2,"[""Circle Line"", ""North East Line""]",True
17796,SERANGOON MRT STATION,Exit D,AF9B4A2ED6E87545,20251202172807,SERANGOON MRT STATION,"['Circle Line', 'North East Line']",2,"[""Circle Line"", ""North East Line""]",True
17797,SERANGOON MRT STATION,Exit C,29231A6BE44BC0C3,20251202172807,SERANGOON MRT STATION,"['Circle Line', 'North East Line']",2,"[""Circle Line"", ""North East Line""]",True
17798,SERANGOON MRT STATION,Exit F,C1B3F5AC67211832,20251202172807,SERANGOON MRT STATION,"['Circle Line', 'North East Line']",2,"[""Circle Line"", ""North East Line""]",True
17799,LORONG CHUAN MRT STATION,Exit B,F22EC9809EB9F243,20251202172807,LORONG CHUAN MRT STATION,['Circle Line'],1,"[""Circle Line""]",True
17800,LORONG CHUAN MRT STATION,Exit A,28A9382A30C8CE74,20251202172807,LORONG CHUAN MRT STATION,['Circle Line'],1,"[""Circle Line""]",True
17801,BOON KENG MRT STATION,Exit B,437A42A639D5778D,20251202172807,BOON KENG MRT STATION,['North East Line'],1,"[""North East Line""]",True
17802,POTONG PASIR MRT STATION,Exit C,C0620A11315B77FF,20251202172807,POTONG PASIR MRT STATION,['North East Line'],1,"[""North East Line""]",True
17803,POTONG PASIR MRT STATION,Exit B,ADC7223B75A5E175,20251202172807,POTONG PASIR MRT STATION,['North East Line'],1,"[""North East Line""]",True
17804,SOMERSET MRT STATION,Exit A,C073EA14C7AA013E,20251202172807,SOMERSET MRT STATION,['North-South Line'],1,"[""North-South Line""]",True
17805,ONE-NORTH MRT STATION,Exit C,14396AC4C6B421F3,20251202172807,ONE-NORTH MRT STATION,['Circle Line'],1,"[""Circle Line""]",True
17806,BRAS BASAH MRT STATION,Exit B,57B5E4CF560CD25A,20251202172807,BRAS BASAH MRT STATION,['Circle Line'],1,"[""Circle Line""]",True
17807,BRAS BASAH MRT STATION,Exit A,1C26490BD624B606,20251202172807,BRAS BASAH MRT STATION,['Circle Line'],1,"[""Circle Line""]",True
17808,BRAS BASAH MRT STATION,Exit C,9448BEB862765BA4,20251202172807,BRAS BASAH MRT STATION,['Circle Line'],1,"[""Circle Line""]",True
17809,BRAS BASAH MRT STATION,Exit D,D53EA9E82E6BE2E5,20251202172807,BRAS BASAH MRT STATION,['Circle Line'],1,"[""Circle Line""]",True
17810,BRAS BASAH MRT STATION,Exit E,6010EED2184D4748,20251202172807,BRAS BASAH MRT STATION,['Circle Line'],1,"[""Circle Line""]",True
17811,ESPLANADE MRT STATION,Exit A,E51530AE6521B581,20251202172807,ESPLANADE MRT STATION,['Circle Line'],1,"[""Circle Line""]",True
17812,BUKIT BATOK MRT STATION,Exit C,C429C4E74FC7D20E,20251202172807,BUKIT BATOK MRT STATION,['North-South Line'],1,"[""North-South Line""]",True
17813,CHINATOWN MRT STATION,Exit D,FCD3F9C4B46D59AD,20251202172807,CHINATOWN MRT STATION,"['Downtown Line', 'North East Line']",2,"[""Downtown Line"", ""North East Line""]",True
17814,BUKIT BATOK MRT STATION,Exit D,E14204E5225118FF,20251202172807,BUKIT BATOK MRT STATION,['North-South Line'],1,"[""North-South Line""]",True
17815,BUKIT BATOK MRT STATION,Exit A,400A184FD3289B7A,20251202172807,BUKIT BATOK MRT STATION,['North-South Line'],1,"[""North-South Line""]",True
17816,TAMPINES MRT STATION,Exit G,4857FF7FA81FC41A,20251202172807,TAMPINES MRT STATION,"['Downtown Line', 'East-West Line']",2,"[""Downtown Line"", ""East-West Line""]",True
17817,BEDOK RESERVOIR MRT STATION,Exit A,2B5A7B2D633B3BD5,20251202172807,BEDOK RESERVOIR MRT STATION,['Downtown Line'],1,"[""Downtown Line""]",True
17818,SENJA LRT STATION,Exit A,C46382A21331EA45,20251202172807,SENJA LRT STATION,['Bukit Panjang LRT'],1,"[""Bukit Panjang LRT""]",True
17819,YISHUN MRT STATION,Exit B,C2D55B079B8AA456,20251202172807,YISHUN MRT STATION,['North-South Line'],1,"[""North-South Line""]",True
17820,YISHUN MRT STATION,Exit E,C551A20E6E342A65,20251202172807,YISHUN MRT STATION,['North-South Line'],1,"[""North-South Line""]",True
17821,SERANGOON MRT STATION,Exit G,40A841F72D73A02C,20251202172807,SERANGOON MRT STATION,"['Circle Line', 'North East Line']",2,"[""Circle Line"", ""North East Line""]",True
17822,SERANGOON MRT STATION,Exit B,DA4475EAB2A9601C,20251202172807,SERANGOON MRT STATION,"['Circle Line', 'North East Line']",2,"[""Circle Line"", ""North East Line""]",True
17823,SERANGOON MRT STATION,Exit E,12758F1DDC8CF6B8,20251202172807,SERANGOON MRT STATION,"['Circle Line', 'North East Line']",2,"[""Circle Line"", ""North East Line""]",True
17824,TAI SENG MRT STATION,Exit A,54874BD41781B357,20251202172807,TAI SENG MRT STATION,['Circle Line'],1,"[""Circle Line""]",True
17825,EUNOS MRT STATION,Exit C,CB562FEDBA333355,20251202172807,EUNOS MRT STATION,['East-West Line'],1,"[""East-West Line""]",True
17826,SEMBAWANG MRT STATION,Exit C,CBDA244C9326B8C6,20251202172807,SEMBAWANG MRT STATION,['North-South Line'],1,"[""North-South Line""]",True
17827,HOUGANG MRT STATION,Exit B,6D19186EFE5FD5FB,20251202172807,HOUGANG MRT STATION,['North East Line'],1,"[""North East Line""]",True
17828,CHANGI AIRPORT MRT STATION,Exit A,2D491EF64CB58C02,20251202172807,CHANGI AIRPORT MRT STATION,['Changi Airport Branch Line'],1,"[""Changi Airport Branch Line""]",True
17829,CHANGI AIRPORT MRT STATION,Exit B,18E22F13F5B553EB,20251202172807,CHANGI AIRPORT MRT STATION,['Changi Airport Branch Line'],1,"[""Changi Airport Branch Line""]",True
17830,ESPLANADE MRT STATION,Exit G,2ACFF8F7FE329CCA,20251202172807,ESPLANADE MRT STATION,['Circle Line'],1,"[""Circle Line""]",True
17831,ESPLANADE MRT STATION,Exit C,37A435E4166C73B7,20251202172807,ESPLANADE MRT STATION,['Circle Line'],1,"[""Circle Line""]",True
17832,ESPLANADE MRT STATION,Exit B,651EA817751D16D3,20251202172807,ESPLANADE MRT STATION,['Circle Line'],1,"[""Circle Line""]",True
17833,RAFFLES PLACE MRT STATION,Exit C,D79CE3109CFB1331,20251202172807,RAFFLES PLACE MRT STATION,"['East-West Line', 'North-South Line']",2,"[""East-West Line"", ""North-South Line""]",True
17834,RAFFLES PLACE MRT STATION,Exit J,244D66DE744BCD47,20251202172807,RAFFLES PLACE MRT STATION,"['East-West Line', 'North-South Line']",2,"[""East-West Line"", ""North-South Line""]",True
17835,RAFFLES PLACE MRT STATION,Exit F,0172739C99613BF7,20251202172807,RAFFLES PLACE MRT STATION,"['East-West Line', 'North-South Line']",2,"[""East-West Line"", ""North-South Line""]",True
17836,RAFFLES PLACE MRT STATION,Exit I,5783A6CCBAC00283,20251202172807,RAFFLES PLACE MRT STATION,"['East-West Line', 'North-South Line']",2,"[""East-West Line"", ""North-South Line""]",True
17837,TANJONG PAGAR MRT STATION,Exit E,BD38C5FD98D816FF,20251202172807,TANJONG PAGAR MRT STATION,['East-West Line'],1,"[""East-West Line""]",True
17838,BENCOOLEN MRT STATION,Exit B,0DF43E9348A676BC,20251202172807,BENCOOLEN MRT STATION,['Downtown Line'],1,"[""Downtown Line""]",True
17839,TAMPINES EAST MRT STATION,Exit C,FFF4C9A7B530851C,20251202172807,TAMPINES EAST MRT STATION,['Downtown Line'],1,"[""Downtown Line""]",True
17840,MATTAR MRT STATION,Exit A,6B8EB7C225C36578,20251202172807,MATTAR MRT STATION,['Downtown Line'],1,"[""Downtown Line""]",True
17841,CHOA CHU KANG MRT STATION,Exit A,AADCDA84B1CB7302,20251202172807,CHOA CHU KANG MRT STATION,['North-South Line'],1,"[""North-South Line""]",True
17842,CHOA CHU KANG MRT STATION,Exit B,4DDA5EEBC0D64FFE,20251202172807,CHOA CHU KANG MRT STATION,['North-South Line'],1,"[""North-South Line""]",True
17843,CHOA CHU KANG MRT STATION,Exit C,BFC5700660BC9DF6,20251202172807,CHOA CHU KANG MRT STATION,['North-South Line'],1,"[""North-South Line""]",True
17844,CHOA CHU KANG MRT STATION,Exit D,10C24E69D8E231DD,20251202172807,CHOA CHU KANG MRT STATION,['North-South Line'],1,"[""North-South Line""]",True
17845,CHOA CHU KANG LRT STATION,Exit E,B31E5041452C3958,20251202172807,CHOA CHU KANG LRT STATION,['Bukit Panjang LRT'],1,"[""Bukit Panjang LRT""]",True
17846,GUL CIRCLE MRT STATION,Exit A,F7C62DDD2A73BCC1,20251202172807,GUL CIRCLE MRT STATION,['East-West Line'],1,"[""East-West Line""]",True
17847,GUL CIRCLE MRT STATION,Exit B,E5B02C31AEAEB829,20251202172807,GUL CIRCLE MRT STATION,['East-West Line'],1,"[""East-West Line""]",True
17848,TUAS CRESCENT MRT STATION,Exit A,6395E3FC8B63D35B,20251202172807,TUAS CRESCENT MRT STATION,['East-West Line'],1,"[""East-West Line""]",True
17849,TUAS CRESCENT MRT STATION,Exit B,D98379EE652ED92E,20251202172807,TUAS CRESCENT MRT STATION,['East-West Line'],1,"[""East-West Line""]",True
17850,TUAS WEST ROAD MRT STATION,Exit A,7C93D36D12D462DA,20251202172807,TUAS WEST ROAD MRT STATION,['East-West Line'],1,"[""East-West Line""]",True
17851,TUAS WEST ROAD MRT STATION,Exit B,9982881E8A76BEDD,20251202172807,TUAS WEST ROAD MRT STATION,['East-West Line'],1,"[""East-West Line""]",True
17852,TUAS LINK MRT STATION,Exit A,124B3EF02A2AD8EF,20251202172807,TUAS LINK MRT STATION,['East-West Line'],1,"[""East-West Line""]",True
17853,TUAS LINK MRT STATION,Exit B,4EB65BBF499F04BE,20251202172807,TUAS LINK MRT STATION,['East-West Line'],1,"[""East-West Line""]",True
17854,EXPO MRT STATION,Exit C,E79BB6D2D2002821,20251202172807,EXPO MRT STATION,"['Changi Airport Branch Line', 'Downtown Line']",2,"[""Changi Airport Branch Line"", ""Downtown Line""]",True
17855,EXPO MRT STATION,Exit D,7559EFD8098C1D02,20251202172807,EXPO MRT STATION,"['Changi Airport Branch Line', 'Downtown Line']",2,"[""Changi Airport Branch Line"", ""Downtown Line""]",True
17856,MACPHERSON MRT STATION,Exit E,5285256719923C73,20251202172807,MACPHERSON MRT STATION,"['Circle Line', 'Downtown Line']",2,"[""Circle Line"", ""Downtown Line""]",True
17857,EXPO MRT STATION,Exit E,906C9579A92CF7A4,20251202172807,EXPO MRT STATION,"['Changi Airport Branch Line', 'Downtown Line']",2,"[""Changi Airport Branch Line"", ""Downtown Line""]",True
17858,MACPHERSON MRT STATION,Exit D,DB18BEBDD5326092,20251202172807,MACPHERSON MRT STATION,"['Circle Line', 'Downtown Line']",2,"[""Circle Line"", ""Downtown Line""]",True
17859,EXPO MRT STATION,Exit G,0C14825AD577B2E3,20251202172807,EXPO MRT STATION,"['Changi Airport Branch Line', 'Downtown Line']",2,"[""Changi Airport Branch Line"", ""Downtown Line""]",True
17860,EXPO MRT STATION,Exit A,8F171DDEC2A3C476,20251202172807,EXPO MRT STATION,"['Changi Airport Branch Line', 'Downtown Line']",2,"[""Changi Airport Branch Line"", ""Downtown Line""]",True
17861,EXPO MRT STATION,Exit F,6E43F01A7FD410B2,20251202172807,EXPO MRT STATION,"['Changi Airport Branch Line', 'Downtown Line']",2,"[""Changi Airport Branch Line"", ""Downtown Line""]",True
17862,SPRINGLEAF MRT STATION,Exit 2,CAB3151915361262,20251202172807,SPRINGLEAF MRT STATION,['Thomson-East Coast Line'],1,"[""Thomson-East Coast Line""]",True
17863,SPRINGLEAF MRT STATION,Exit 3,8D6ED46D4B845735,20251202172807,SPRINGLEAF MRT STATION,['Thomson-East Coast Line'],1,"[""Thomson-East Coast Line""]",True
17864,WOODLANDS NORTH MRT STATION,Exit 1,469EE4BF80F069CC,20251202172807,WOODLANDS NORTH MRT STATION,['Thomson-East Coast Line'],1,"[""Thomson-East Coast Line""]",True
17865,WOODLANDS NORTH MRT STATION,Exit 2,72D10D55C51FC3F5,20251202172807,WOODLANDS NORTH MRT STATION,['Thomson-East Coast Line'],1,"[""Thomson-East Coast Line""]",True
17866,WOODLANDS MRT STATION,Exit 5,372C516598D98235,20251202172807,WOODLANDS MRT STATION,"['North-South Line', 'Thomson-East Coast Line']",2,"[""North-South Line"", ""Thomson-East Coast Line""]",True
17867,WOODLANDS MRT STATION,Exit 7,AD7053030CB8BF9F,20251202172807,WOODLANDS MRT STATION,"['North-South Line', 'Thomson-East Coast Line']",2,"[""North-South Line"", ""Thomson-East Coast Line""]",True
17868,WOODLANDS SOUTH MRT STATION,Exit 1,45D78AD571DA0977,20251202172807,WOODLANDS SOUTH MRT STATION,['Thomson-East Coast Line'],1,"[""Thomson-East Coast Line""]",True
17869,WOODLANDS SOUTH MRT STATION,Exit 2,E9A31A80A570C976,20251202172807,WOODLANDS SOUTH MRT STATION,['Thomson-East Coast Line'],1,"[""Thomson-East Coast Line""]",True
17870,WOODLANDS SOUTH MRT STATION,Exit 3,6518624D5602BB64,20251202172807,WOODLANDS SOUTH MRT STATION,['Thomson-East Coast Line'],1,"[""Thomson-East Coast Line""]",True
17871,WOODLANDS SOUTH MRT STATION,Exit 4,2F1F88360B17E436,20251202172807,WOODLANDS SOUTH MRT STATION,['Thomson-East Coast Line'],1,"[""Thomson-East Coast Line""]",True
17872,SPRINGLEAF MRT STATION,Exit 1,122980157DCB57C6,20251202172807,SPRINGLEAF MRT STATION,['Thomson-East Coast Line'],1,"[""Thomson-East Coast Line""]",True
17873,LENTOR MRT STATION,Exit 2,1D02FE80AE160F4F,20251202172807,LENTOR MRT STATION,['Thomson-East Coast Line'],1,"[""Thomson-East Coast Line""]",True
17874,LENTOR MRT STATION,Exit 1,AD8355986951011E,20251202172807,LENTOR MRT STATION,['Thomson-East Coast Line'],1,"[""Thomson-East Coast Line""]",True
17875,LENTOR MRT STATION,Exit 3,26CD4A0F04FEAE7A,20251202172807,LENTOR MRT STATION,['Thomson-East Coast Line'],1,"[""Thomson-East Coast Line""]",True
17876,LENTOR MRT STATION,Exit 4,872548D8089E5C63,20251202172807,LENTOR MRT STATION,['Thomson-East Coast Line'],1,"[""Thomson-East Coast Line""]",True
17877,LENTOR MRT STATION,Exit 5,1DBB7D760352881C,20251202172807,LENTOR MRT STATION,['Thomson-East Coast Line'],1,"[""Thomson-East Coast Line""]",True
17878,MAYFLOWER MRT STATION,Exit 3,03D1FF1990E162EB,20251202172807,MAYFLOWER MRT STATION,['Thomson-East Coast Line'],1,"[""Thomson-East Coast Line""]",True
17879,MAYFLOWER MRT STATION,Exit 2,4F085EF4AAB00599,20251202172807,MAYFLOWER MRT STATION,['Thomson-East Coast Line'],1,"[""Thomson-East Coast Line""]",True
17880,MAYFLOWER MRT STATION,Exit 1,4C504570F6BC8EC3,20251202172807,MAYFLOWER MRT STATION,['Thomson-East Coast Line'],1,"[""Thomson-East Coast Line""]",True
17881,MAYFLOWER MRT STATION,Exit 7,0C15214EBA575804,20251202172807,MAYFLOWER MRT STATION,['Thomson-East Coast Line'],1,"[""Thomson-East Coast Line""]",True
17722,CHENG LIM LRT STATION,Exit B,1BE9F4E72D049751,20251202172807,CHENG LIM LRT STATION,['Sengkang LRT'],1,"[""Sengkang LRT""]",True
17723,THANGGAM LRT STATION,Exit A,16EC7E9FB469AE26,20251202172807,THANGGAM LRT STATION,['Sengkang LRT'],1,"[""Sengkang LRT""]",True
17724,THANGGAM LRT STATION,Exit B,256206889802450A,20251202172807,THANGGAM LRT STATION,['Sengkang LRT'],1,"[""Sengkang LRT""]",True
17725,KUPANG LRT STATION,Exit A,62EDCA2810CF78CE,20251202172807,KUPANG LRT STATION,['Sengkang LRT'],1,"[""Sengkang LRT""]",True
17726,KUPANG LRT STATION,Exit B,EC95D6994C36C7C2,20251202172807,KUPANG LRT STATION,['Sengkang LRT'],1,"[""Sengkang LRT""]",True
17727,SOO TECK LRT STATION,Exit A,5C840B0088A042B7,20251202172807,SOO TECK LRT STATION,['Punggol LRT'],1,"[""Punggol LRT""]",True
17728,SOO TECK LRT STATION,Exit B,7CDEC183A92283AA,20251202172807,SOO TECK LRT STATION,['Punggol LRT'],1,"[""Punggol LRT""]",True
17729,DAMAI LRT STATION,Exit A,D50CD0EB8DF1A6AD,20251202172807,DAMAI LRT STATION,['Punggol LRT'],1,"[""Punggol LRT""]",True
17730,OASIS LRT STATION,Exit A,0BEB37C242EBF30C,20251202172807,OASIS LRT STATION,['Punggol LRT'],1,"[""Punggol LRT""]",True
17731,KADALOOR LRT STATION,Exit A,8F348D1DC2C6DCD9,20251202172807,KADALOOR LRT STATION,['Punggol LRT'],1,"[""Punggol LRT""]",True
17732,MERIDIAN LRT STATION,Exit A,FCD25ADA46274E53,20251202172807,MERIDIAN LRT STATION,['Punggol LRT'],1,"[""Punggol LRT""]",True
17733,MERIDIAN LRT STATION,Exit B,CB5492FBE757562B,20251202172807,MERIDIAN LRT STATION,['Punggol LRT'],1,"[""Punggol LRT""]",True
17734,COVE LRT STATION,Exit A,C06D10E6EBF83EA6,20251202172807,COVE LRT STATION,['Punggol LRT'],1,"[""Punggol LRT""]",True
17735,SOUTH VIEW LRT STATION,Exit A,335EFAECE777F0ED,20251202172807,SOUTH VIEW LRT STATION,['Bukit Panjang LRT'],1,"[""Bukit Panjang LRT""]",True
17736,HOLLAND VILLAGE MRT STATION,Exit B,76D46E22BDCAEAAA,20251202172807,HOLLAND VILLAGE MRT STATION,['Circle Line'],1,"[""Circle Line""]",True
17737,ONE-NORTH MRT STATION,Exit B,45A9A4D683B771BF,20251202172807,ONE-NORTH MRT STATION,['Circle Line'],1,"[""Circle Line""]",True
17738,OUTRAM PARK MRT STATION,Exit 3,00AC1131DC50AE35,20251202172807,OUTRAM PARK MRT STATION,"['East-West Line', 'North East Line', 'Thomson-East Coast Line']",3,"[""East-West Line"", ""North East Line"", ""Thomson-East Coast Line""]",True
17739,DOVER MRT STATION,Exit A,3350D5255C75B2ED,20251202172807,DOVER MRT STATION,['East-West Line'],1,"[""East-West Line""]",True
17740,DOVER MRT STATION,Exit B,F180ED4FDDA94062,20251202172807,DOVER MRT STATION,['East-West Line'],1,"[""East-West Line""]",True
17741,BOON LAY MRT STATION,Exit D,A277212C952A5DE9,20251202172807,BOON LAY MRT STATION,['East-West Line'],1,"[""East-West Line""]",True
17742,BOON LAY MRT STATION,Exit E,A16B7FAC4E5AB117,20251202172807,BOON LAY MRT STATION,['East-West Line'],1,"[""East-West Line""]",True
17743,BOON LAY MRT STATION,Exit F,0E296E75C6372829,20251202172807,BOON LAY MRT STATION,['East-West Line'],1,"[""East-West Line""]",True
17744,BUKIT BATOK MRT STATION,Exit B,474392E67F3BCE9B,20251202172807,BUKIT BATOK MRT STATION,['North-South Line'],1,"[""North-South Line""]",True
17745,JOO KOON MRT STATION,Exit A,AFF1FA0853BEBB53,20251202172807,JOO KOON MRT STATION,['East-West Line'],1,"[""East-West Line""]",True
17746,JOO KOON MRT STATION,Exit B,93D34F9CC519E4F1,20251202172807,JOO KOON MRT STATION,['East-West Line'],1,"[""East-West Line""]",True
17747,CHOA CHU KANG MRT STATION,Exit D,B98A2C3B9DA5DE50,20251202172807,CHOA CHU KANG MRT STATION,['North-South Line'],1,"[""North-South Line""]",True
17748,KRANJI MRT STATION,Exit D,EFEBDF844A7E944C,20251202172807,KRANJI MRT STATION,['North-South Line'],1,"[""North-South Line""]",True
17749,MARSILING MRT STATION,Exit B,0449B4DEFBEC025F,20251202172807,MARSILING MRT STATION,['North-South Line'],1,"[""North-South Line""]",True
17750,MARSILING MRT STATION,Exit D,AC661F5F30DEBD6A,20251202172807,MARSILING MRT STATION,['North-South Line'],1,"[""North-South Line""]",True
17751,HARBOURFRONT MRT STATION,Exit E,FF2613B98FF1665F,20251202172807,HARBOURFRONT MRT STATION,"['Circle Line', 'North East Line']",2,"[""Circle Line"", ""North East Line""]",True
17752,HARBOURFRONT MRT STATION,Exit D,690B8B15B6CB2137,20251202172807,HARBOURFRONT MRT STATION,"['Circle Line', 'North East Line']",2,"[""Circle Line"", ""North East Line""]",True
17753,HARBOURFRONT MRT STATION,Exit A,8A673F2CF4ABB497,20251202172807,HARBOURFRONT MRT STATION,"['Circle Line', 'North East Line']",2,"[""Circle Line"", ""North East Line""]",True
17754,CHINATOWN MRT STATION,Exit A,3A1CC9F9DAB5860F,20251202172807,CHINATOWN MRT STATION,"['Downtown Line', 'North East Line']",2,"[""Downtown Line"", ""North East Line""]",True
17755,CLARKE QUAY MRT STATION,Exit B,30B1E5E1C8017C54,20251202172807,CLARKE QUAY MRT STATION,['North East Line'],1,"[""North East Line""]",True
17756,CLARKE QUAY MRT STATION,Exit G,804AAB0D2993008D,20251202172807,CLARKE QUAY MRT STATION,['North East Line'],1,"[""North East Line""]",True
17757,LITTLE INDIA MRT STATION,Exit A,42434AF40AAA3CAF,20251202172807,LITTLE INDIA MRT STATION,"['Downtown Line', 'North East Line']",2,"[""Downtown Line"", ""North East Line""]",True
17758,LITTLE INDIA MRT STATION,Exit C,8A50DC395B46AA31,20251202172807,LITTLE INDIA MRT STATION,"['Downtown Line', 'North East Line']",2,"[""Downtown Line"", ""North East Line""]",True
17759,LITTLE INDIA MRT STATION,Exit E,6710D2143B21969B,20251202172807,LITTLE INDIA MRT STATION,"['Downtown Line', 'North East Line']",2,"[""Downtown Line"", ""North East Line""]",True
17760,FARRER PARK MRT STATION,Exit D,173209DA7F23FABE,20251202172807,FARRER PARK MRT STATION,['North East Line'],1,"[""North East Line""]",True
17761,FARRER PARK MRT STATION,Exit C,6551D0EB84199FBF,20251202172807,FARRER PARK MRT STATION,['North East Line'],1,"[""North East Line""]",True
17601,MARYMOUNT MRT STATION,Exit B,00445EC81B4CF09B,20251202172807,MARYMOUNT MRT STATION,['Circle Line'],1,"[""Circle Line""]",True
17602,MARYMOUNT MRT STATION,Exit A,D6F8DA032170A0CA,20251202172807,MARYMOUNT MRT STATION,['Circle Line'],1,"[""Circle Line""]",True
17603,DHOBY GHAUT MRT STATION,Exit C,D718E6930765A66B,20251202172807,DHOBY GHAUT MRT STATION,"['Circle Line', 'North East Line', 'North-South Line']",3,"[""Circle Line"", ""North East Line"", ""North-South Line""]",True
17604,CALDECOTT MRT STATION,Exit 1,B27228AA1D3CABE9,20251202172807,CALDECOTT MRT STATION,"['Circle Line', 'Thomson-East Coast Line']",2,"[""Circle Line"", ""Thomson-East Coast Line""]",True
17605,EXPO MRT STATION,Exit A,FD3508562E82B730,20251202172807,EXPO MRT STATION,"['Changi Airport Branch Line', 'Downtown Line']",2,"[""Changi Airport Branch Line"", ""Downtown Line""]",True
17606,EXPO MRT STATION,Exit B,697283586E726E3F,20251202172807,EXPO MRT STATION,"['Changi Airport Branch Line', 'Downtown Line']",2,"[""Changi Airport Branch Line"", ""Downtown Line""]",True
17607,ADMIRALTY MRT STATION,Exit B,37905A3114C1A244,20251202172807,ADMIRALTY MRT STATION,['North-South Line'],1,"[""North-South Line""]",True
17608,ADMIRALTY MRT STATION,Exit D,746E9DB47E3B63DD,20251202172807,ADMIRALTY MRT STATION,['North-South Line'],1,"[""North-South Line""]",True
17609,ANG MO KIO MRT STATION,Exit C,65B35A9BB66315DF,20251202172807,ANG MO KIO MRT STATION,['North-South Line'],1,"[""North-South Line""]",True
17610,BAYFRONT MRT STATION,Exit A,9446A698C2D12F17,20251202172807,BAYFRONT MRT STATION,"['Circle Line Extension', 'Downtown Line']",2,"[""Circle Line Extension"", ""Downtown Line""]",True
17611,BAYFRONT MRT STATION,Exit E,2379024BE499AD08,20251202172807,BAYFRONT MRT STATION,"['Circle Line Extension', 'Downtown Line']",2,"[""Circle Line Extension"", ""Downtown Line""]",True
17612,BAYFRONT MRT STATION,Exit D,D926E2FE3DE5668D,20251202172807,BAYFRONT MRT STATION,"['Circle Line Extension', 'Downtown Line']",2,"[""Circle Line Extension"", ""Downtown Line""]",True
17613,TAMPINES MRT STATION,Exit B,B610E91C58D66F87,20251202172807,TAMPINES MRT STATION,"['Downtown Line', 'East-West Line']",2,"[""Downtown Line"", ""East-West Line""]",True
17614,HOUGANG MRT STATION,Exit C,CAD432D1FEF31915,20251202172807,HOUGANG MRT STATION,['North East Line'],1,"[""North East Line""]",True
17615,HOUGANG MRT STATION,Exit A,2D8A3BEA17E41AFD,20251202172807,HOUGANG MRT STATION,['North East Line'],1,"[""North East Line""]",True
17616,KOVAN MRT STATION,Exit B,420650AF4622E265,20251202172807,KOVAN MRT STATION,['North East Line'],1,"[""North East Line""]",True
17617,KOVAN MRT STATION,Exit C,A740F42ACFBB45B6,20251202172807,KOVAN MRT STATION,['North East Line'],1,"[""North East Line""]",True
17618,KOVAN MRT STATION,Exit A,AECA4062F6010632,20251202172807,KOVAN MRT STATION,['North East Line'],1,"[""North East Line""]",True
17619,EUNOS MRT STATION,Exit A,8EBFC6F8732D28BD,20251202172807,EUNOS MRT STATION,['East-West Line'],1,"[""East-West Line""]",True
17620,EUNOS MRT STATION,Exit B,C83CDC2726150409,20251202172807,EUNOS MRT STATION,['East-West Line'],1,"[""East-West Line""]",True
17621,KEMBANGAN MRT STATION,Exit B,E09063B99CE6B24F,20251202172807,KEMBANGAN MRT STATION,['East-West Line'],1,"[""East-West Line""]",True
17622,KEMBANGAN MRT STATION,Exit A,85173EF160C47192,20251202172807,KEMBANGAN MRT STATION,['East-West Line'],1,"[""East-West Line""]",True
17623,BEDOK MRT STATION,Exit A,20B9A6B793404FF3,20251202172807,BEDOK MRT STATION,['East-West Line'],1,"[""East-West Line""]",True
17624,BEDOK MRT STATION,Exit B,29CA710B93C2CB4B,20251202172807,BEDOK MRT STATION,['East-West Line'],1,"[""East-West Line""]",True
17625,ANG MO KIO MRT STATION,Exit B,87583D09ABBEFC42,20251202172807,ANG MO KIO MRT STATION,['North-South Line'],1,"[""North-South Line""]",True
17626,ANG MO KIO MRT STATION,Exit A,6CB268C777B52269,20251202172807,ANG MO KIO MRT STATION,['North-South Line'],1,"[""North-South Line""]",True
17627,BISHAN MRT STATION,Exit B,1B5DEBDC60CE4A0E,20251202172807,BISHAN MRT STATION,"['Circle Line', 'North-South Line']",2,"[""Circle Line"", ""North-South Line""]",True
17628,BISHAN MRT STATION,Exit E,03844339B281C755,20251202172807,BISHAN MRT STATION,"['Circle Line', 'North-South Line']",2,"[""Circle Line"", ""North-South Line""]",True
17629,BISHAN MRT STATION,Exit C,2C4E7954EAAC322A,20251202172807,BISHAN MRT STATION,"['Circle Line', 'North-South Line']",2,"[""Circle Line"", ""North-South Line""]",True
17630,BRADDELL MRT STATION,Exit C,90DD180B16820DA9,20251202172807,BRADDELL MRT STATION,['North-South Line'],1,"[""North-South Line""]",True
17631,BRADDELL MRT STATION,Exit B,B8C182EB1FFEA0F7,20251202172807,BRADDELL MRT STATION,['North-South Line'],1,"[""North-South Line""]",True
17632,BRADDELL MRT STATION,Exit A,6D90E5E9F8684602,20251202172807,BRADDELL MRT STATION,['North-South Line'],1,"[""North-South Line""]",True
17633,TOA PAYOH MRT STATION,Exit B,DE385222B3EA4A3C,20251202172807,TOA PAYOH MRT STATION,['North-South Line'],1,"[""North-South Line""]",True
17634,TOA PAYOH MRT STATION,Exit C,4C8924227130F1F0,20251202172807,TOA PAYOH MRT STATION,['North-South Line'],1,"[""North-South Line""]",True
17635,NOVENA MRT STATION,Exit B,F8D815A9ADA89BE1,20251202172807,NOVENA MRT STATION,['North-South Line'],1,"[""North-South Line""]",True
17636,NOVENA MRT STATION,Exit A,1C30DBBBBC9F938C,20251202172807,NOVENA MRT STATION,['North-South Line'],1,"[""North-South Line""]",True
17637,TOA PAYOH MRT STATION,Exit D,5AB7564CE0D0C509,20251202172807,TOA PAYOH MRT STATION,['North-South Line'],1,"[""North-South Line""]",True
17638,WOODLEIGH MRT STATION,Exit C,021A225B04A13444,20251202172807,WOODLEIGH MRT STATION,['North East Line'],1,"[""North East Line""]",True
17639,WOODLEIGH MRT STATION,Exit A,390C6CA013A0C83B,20251202172807,WOODLEIGH MRT STATION,['North East Line'],1,"[""North East Line""]",True
17640,WOODLEIGH MRT STATION,Exit B,6AA9CF467B21891C,20251202172807,WOODLEIGH MRT STATION,['North East Line'],1,"[""North East Line""]",True
17641,MACPHERSON MRT STATION,Exit A,AB2B8B46B299062B,20251202172807,MACPHERSON MRT STATION,"['Circle Line', 'Downtown Line']",2,"[""Circle Line"", ""Downtown Line""]",True
17642,MACPHERSON MRT STATION,Exit B,A4023956A12A2155,20251202172807,MACPHERSON MRT STATION,"['Circle Line', 'Downtown Line']",2,"[""Circle Line"", ""Downtown Line""]",True
17643,MACPHERSON MRT STATION,Exit C,DA5558C22F66CC7C,20251202172807,MACPHERSON MRT STATION,"['Circle Line', 'Downtown Line']",2,"[""Circle Line"", ""Downtown Line""]",True
17644,TONGKANG LRT STATION,Exit B,F83D29999DC4CC0E,20251202172807,TONGKANG LRT STATION,['Sengkang LRT'],1,"[""Sengkang LRT""]",True
17645,TONGKANG LRT STATION,Exit A,DB46A51FA82F6865,20251202172807,TONGKANG LRT STATION,['Sengkang LRT'],1,"[""Sengkang LRT""]",True
17646,RENJONG LRT STATION,Exit A,35048F84F3D858BC,20251202172807,RENJONG LRT STATION,['Sengkang LRT'],1,"[""Sengkang LRT""]",True
17647,RENJONG LRT STATION,Exit B,B0178F7E6DD16A1A,20251202172807,RENJONG LRT STATION,['Sengkang LRT'],1,"[""Sengkang LRT""]",True
17648,RANGGUNG LRT STATION,Exit A,077813950167F0B1,20251202172807,RANGGUNG LRT STATION,['Sengkang LRT'],1,"[""Sengkang LRT""]",True
17649,RANGGUNG LRT STATION,Exit B,8D5E7FC2B8D737C3,20251202172807,RANGGUNG LRT STATION,['Sengkang LRT'],1,"[""Sengkang LRT""]",True
17650,KANGKAR LRT STATION,Exit A,8F3E5F0D6E718156,20251202172807,KANGKAR LRT STATION,['Sengkang LRT'],1,"[""Sengkang LRT""]",True
17651,KANGKAR LRT STATION,Exit B,09AD446CDB37F542,20251202172807,KANGKAR LRT STATION,['Sengkang LRT'],1,"[""Sengkang LRT""]",True
17652,BAKAU LRT STATION,Exit A,8A3C1E7317417FD2,20251202172807,BAKAU LRT STATION,['Sengkang LRT'],1,"[""Sengkang LRT""]",True
17653,BAKAU LRT STATION,Exit B,FD691A27B9222ACC,20251202172807,BAKAU LRT STATION,['Sengkang LRT'],1,"[""Sengkang LRT""]",True
17654,RUMBIA LRT STATION,Exit A,19F50D0B45ED2625,20251202172807,RUMBIA LRT STATION,['Sengkang LRT'],1,"[""Sengkang LRT""]",True
17655,RUMBIA LRT STATION,Exit B,24270D468CB0C551,20251202172807,RUMBIA LRT STATION,['Sengkang LRT'],1,"[""Sengkang LRT""]",True
17656,ONE-NORTH MRT STATION,Exit A,1C5F562480779031,20251202172807,ONE-NORTH MRT STATION,['Circle Line'],1,"[""Circle Line""]",True
17657,KENT RIDGE MRT STATION,Exit B,3A15EBE767637D7E,20251202172807,KENT RIDGE MRT STATION,['Circle Line'],1,"[""Circle Line""]",True
17658,KENT RIDGE MRT STATION,Exit A,D5D0496822FDF5DF,20251202172807,KENT RIDGE MRT STATION,['Circle Line'],1,"[""Circle Line""]",True
17659,HAW PAR VILLA MRT STATION,Exit A,F33EEDAA74A75803,20251202172807,HAW PAR VILLA MRT STATION,['Circle Line'],1,"[""Circle Line""]",True
17660,PASIR PANJANG MRT STATION,Exit A,DC64D55F9888B200,20251202172807,PASIR PANJANG MRT STATION,['Circle Line'],1,"[""Circle Line""]",True
17661,LABRADOR PARK MRT STATION,Exit A,77D4BE63E9419638,20251202172807,LABRADOR PARK MRT STATION,['Circle Line'],1,"[""Circle Line""]",True
17662,TELOK BLANGAH MRT STATION,Exit A,A4D239AA865A436A,20251202172807,TELOK BLANGAH MRT STATION,['Circle Line'],1,"[""Circle Line""]",True
17663,TAN KAH KEE MRT STATION,Exit A,90A659920312F326,20251202172807,TAN KAH KEE MRT STATION,['Downtown Line'],1,"[""Downtown Line""]",True
17664,CASHEW MRT STATION,Exit A,CC93934ACEAF445A,20251202172807,CASHEW MRT STATION,['Downtown Line'],1,"[""Downtown Line""]",True
17665,SIXTH AVENUE MRT STATION,Exit A,2C20FEBDCFC154A5,20251202172807,SIXTH AVENUE MRT STATION,['Downtown Line'],1,"[""Downtown Line""]",True
17666,KING ALBERT PARK MRT STATION,Exit A,E65E02F76E0D2687,20251202172807,KING ALBERT PARK MRT STATION,['Downtown Line'],1,"[""Downtown Line""]",True
17667,HILLVIEW MRT STATION,Exit B,A858C4A736160A26,20251202172807,HILLVIEW MRT STATION,['Downtown Line'],1,"[""Downtown Line""]",True
17668,BUKIT PANJANG MRT STATION,Exit A,73796FEF5F3AC744,20251202172807,BUKIT PANJANG MRT STATION,['Downtown Line'],1,"[""Downtown Line""]",True
17669,ROCHOR MRT STATION,Exit A,3D9484B6A1206900,20251202172807,ROCHOR MRT STATION,['Downtown Line'],1,"[""Downtown Line""]",True
17670,DOWNTOWN MRT STATION,Exit F,EF75BE606A770937,20251202172807,DOWNTOWN MRT STATION,['Downtown Line'],1,"[""Downtown Line""]",True
17671,TELOK AYER MRT STATION,Exit A,974D41D519377A08,20251202172807,TELOK AYER MRT STATION,['Downtown Line'],1,"[""Downtown Line""]",True
17672,PIONEER MRT STATION,Exit A,2362DB8619A766E8,20251202172807,PIONEER MRT STATION,['East-West Line'],1,"[""East-West Line""]",True
17673,PIONEER MRT STATION,Exit B,72551C3253621E4C,20251202172807,PIONEER MRT STATION,['East-West Line'],1,"[""East-West Line""]",True
17674,TANJONG PAGAR MRT STATION,Exit I,80D1390DC9F96913,20251202172807,TANJONG PAGAR MRT STATION,['East-West Line'],1,"[""East-West Line""]",True
17675,BUONA VISTA MRT STATION,Exit D,D90F93DC24A3A902,20251202172807,BUONA VISTA MRT STATION,"['Circle Line', 'East-West Line']",2,"[""Circle Line"", ""East-West Line""]",True
17676,COMPASSVALE LRT STATION,Exit A,7A6540195C75D6C2,20251202172807,COMPASSVALE LRT STATION,['Sengkang LRT'],1,"[""Sengkang LRT""]",True
17677,COMPASSVALE LRT STATION,Exit B,5E01800475DDF5ED,20251202172807,COMPASSVALE LRT STATION,['Sengkang LRT'],1,"[""Sengkang LRT""]",True
17678,PUNGGOL POINT LRT STATION,Exit B,45E35F4903E99C73,20251202172807,PUNGGOL POINT LRT STATION,['Punggol LRT'],1,"[""Punggol LRT""]",True
17679,PUNGGOL POINT LRT STATION,Exit A,A61E18152335BFC3,20251202172807,PUNGGOL POINT LRT STATION,['Punggol LRT'],1,"[""Punggol LRT""]",True
17680,NIBONG LRT STATION,Exit A,853F2A40C64D662F,20251202172807,NIBONG LRT STATION,['Punggol LRT'],1,"[""Punggol LRT""]",True
17681,NIBONG LRT STATION,Exit B,BDB536DD4D5059E3,20251202172807,NIBONG LRT STATION,['Punggol LRT'],1,"[""Punggol LRT""]",True
